personal_cik,accessionNo,filingUrl,companyNameLong,ticker,description,formType,type,filedAt
1511213,0001607062-23-000381,https://www.sec.gov/Archives/edgar/data/1511213/000160706223000381/primary_doc.xml,Nguyen Dennis Luan Thuc (CIK 0001511213),,PRIMARY DOCUMENT,4,4,2023-08-08
1756240,0002002698-23-000183,https://www.sec.gov/Archives/edgar/data/1603756/000200269823000183/primary_doc.xml,"Axonics, Inc. (AXNX) (CIK 0001603756)",AXNX,,144,144,2023-12-26
1756240,0001562180-23-008578,https://www.sec.gov/Archives/edgar/data/1756240/000156218023008578/primarydocument.xml,Noblett Karen (CIK 0001756240),,PRIMARY DOCUMENT,4,4,2023-12-28
1756240,0001562180-24-001013,https://www.sec.gov/Archives/edgar/data/1756240/000156218024001013/primarydocument.xml,Noblett Karen (CIK 0001756240),,PRIMARY DOCUMENT,4,4,2024-02-02
1756240,0001562180-23-000872,https://www.sec.gov/Archives/edgar/data/1756240/000156218023000872/primarydocument.xml,Noblett Karen (CIK 0001756240),,PRIMARY DOCUMENT,4,4,2023-02-02
1756240,0001562180-24-001013,https://www.sec.gov/Archives/edgar/data/1756240/000156218024001013/knoblettpoa.txt,Noblett Karen (CIK 0001756240),,POA,4,EX-24,2024-02-02
1756240,0001562180-24-000425,https://www.sec.gov/Archives/edgar/data/1756240/000156218024000425/knoblettpoa.txt,Noblett Karen (CIK 0001756240),,POA,4,EX-24,2024-01-10
1756240,0001562180-23-008578,https://www.sec.gov/Archives/edgar/data/1756240/000156218023008578/knoblettpoa.txt,Noblett Karen (CIK 0001756240),,POA,4,EX-24,2023-12-28
1756240,0001562180-24-000425,https://www.sec.gov/Archives/edgar/data/1756240/000156218024000425/primarydocument.xml,Noblett Karen (CIK 0001756240),,PRIMARY DOCUMENT,4,4,2024-01-10
1672796,0001672796-23-000002,https://www.sec.gov/Archives/edgar/data/1672796/000167279623000002/primary_doc.xml,Muzzy Stephen G (CIK 0001672796),,PRIMARY DOCUMENT,4,4,2023-06-23
1672796,0001672796-23-000001,https://www.sec.gov/Archives/edgar/data/1672796/000167279623000001/primary_doc.xml,Muzzy Stephen G (CIK 0001672796),,PRIMARY DOCUMENT,3,3,2023-04-28
1828260,0001615594-24-000011,https://www.sec.gov/Archives/edgar/data/1828260/000161559424000011/primary_doc.xml,KRAMER DESIREE AMBER (CIK 0001828260),,PRIMARY DOCUMENT,4,4,2024-04-17
1828260,0001821160-23-000071,https://www.sec.gov/Archives/edgar/data/1828260/000182116023000071/wk-form4_1694462769.xml,KRAMER DESIREE AMBER (CIK 0001828260),,FORM 4,4,4,2023-09-11
1828260,0001821160-23-000086,https://www.sec.gov/Archives/edgar/data/1828260/000182116023000086/wk-form4_1698188383.xml,KRAMER DESIREE AMBER (CIK 0001828260),,FORM 4,4,4,2023-10-24
1828260,0001821160-23-000037,https://www.sec.gov/Archives/edgar/data/1828260/000182116023000037/wf-form4_168185173867634.xml,KRAMER DESIREE AMBER (CIK 0001828260),,FORM 4,4,4,2023-04-18
1398437,0001493152-23-044433,https://www.sec.gov/Archives/edgar/data/1398437/000149315223044433/ownership.xml,Emerson Jane (CIK 0001398437),,,4,4,2023-12-11
1398437,0001493152-23-044910,https://www.sec.gov/Archives/edgar/data/1398437/000149315223044910/ownership.xml,Emerson Jane (CIK 0001398437),,,4,4,2023-12-14
1302605,0001209191-23-007552,https://www.sec.gov/Archives/edgar/data/1302605/000120919123007552/doc3.xml,Nova Tina Susan (CIK 0001302605),,FORM 3 SUBMISSION,3,3,2023-02-07
1302605,0001209191-23-009725,https://www.sec.gov/Archives/edgar/data/1302605/000120919123009725/doc4.xml,Nova Tina Susan (CIK 0001302605),,FORM 4 SUBMISSION,4,4,2023-02-15
1302605,0000950170-24-014558,https://www.sec.gov/Archives/edgar/data/1302605/000095017024014558/ownership.xml,Nova Tina Susan (CIK 0001302605),,4,4,4,2024-02-13
1302605,0001274737-23-000069,https://www.sec.gov/Archives/edgar/data/1302605/000127473723000069/wf-form4_168729301301351.xml,Nova Tina Susan (CIK 0001302605),,FORM 4,4,4,2023-06-20
1300695,0001415889-23-014859,https://www.sec.gov/Archives/edgar/data/1300695/000141588923014859/form4-11072023_111154.xml,Dean Robert E (CIK 0001300695),,,4,4,2023-11-07
1300695,0001415889-23-007741,https://www.sec.gov/Archives/edgar/data/1300695/000141588923007741/form4-05102023_100551.xml,Dean Robert E (CIK 0001300695),,,4,4,2023-05-10
1300695,0001415889-24-012097,https://www.sec.gov/Archives/edgar/data/1300695/000141588924012097/form4-05032024_010504.xml,Dean Robert E (CIK 0001300695),,,4,4,2024-05-02
1631338,0001610717-23-000070,https://www.sec.gov/Archives/edgar/data/1631338/000161071723000070/form4.xml,THEUER CHARLES (CIK 0001631338),,,4,4,2023-05-25
1631338,0001209191-23-014434,https://www.sec.gov/Archives/edgar/data/1631338/000120919123014434/doc4.xml,THEUER CHARLES (CIK 0001631338),,FORM 4 SUBMISSION,4,4,2023-03-02
1631338,0001209191-23-040285,https://www.sec.gov/Archives/edgar/data/1631338/000120919123040285/doc4.xml,THEUER CHARLES (CIK 0001631338),,FORM 4 SUBMISSION,4,4,2023-06-30
1631338,0001209191-23-003934,https://www.sec.gov/Archives/edgar/data/1631338/000120919123003934/doc4.xml,THEUER CHARLES (CIK 0001631338),,FORM 4 SUBMISSION,4,4,2023-01-19
1631338,0001415889-24-007846,https://www.sec.gov/Archives/edgar/data/1631338/000141588924007846/form4-03132024_090306.xml,THEUER CHARLES (CIK 0001631338),,,4,4,2024-03-13
1631338,0001209191-23-025930,https://www.sec.gov/Archives/edgar/data/1631338/000120919123025930/doc4.xml,THEUER CHARLES (CIK 0001631338),,FORM 4 SUBMISSION,4,4,2023-04-28
1631338,0001209191-23-007191,https://www.sec.gov/Archives/edgar/data/1631338/000120919123007191/doc4.xml,THEUER CHARLES (CIK 0001631338),,FORM 4 SUBMISSION,4,4,2023-02-03
1342502,0001062993-23-007089,https://www.sec.gov/Archives/edgar/data/1342502/000106299323007089/form4.xml,BUCHAN MELISSA JANE (CIK 0001342502),,STATEMENT OF CHANGES IN BENEFICIAL OWNERSHIP OF SECURITIES,4,4,2023-03-16
1342502,0001062993-23-022528,https://www.sec.gov/Archives/edgar/data/1342502/000106299323022528/form4.xml,BUCHAN JANE (CIK 0001342502),,STATEMENT OF CHANGES IN BENEFICIAL OWNERSHIP OF SECURITIES,4,4,2023-12-13
1342502,0001062993-23-021107,https://www.sec.gov/Archives/edgar/data/1342502/000106299323021107/form4.xml,BUCHAN JANE (CIK 0001342502),,STATEMENT OF CHANGES IN BENEFICIAL OWNERSHIP OF SECURITIES,4,4,2023-11-17
1342502,0001493152-23-032280,https://www.sec.gov/Archives/edgar/data/1342502/000149315223032280/ownership.xml,BUCHAN MELISSA JANE (CIK 0001342502),,,4,4,2023-09-11
1342502,0001062993-23-021321,https://www.sec.gov/Archives/edgar/data/1342502/000106299323021321/form4.xml,BUCHAN JANE (CIK 0001342502),,STATEMENT OF CHANGES IN BENEFICIAL OWNERSHIP OF SECURITIES,4,4,2023-11-22
1342502,0001949846-23-000490,https://www.sec.gov/Archives/edgar/data/320335/000194984623000490/primary_doc.xml,"GLOBE LIFE INC. (GL, GL-PD) (CIK 0000320335)",GL,,144,144,2023-12-12
1342502,0001062993-23-000748,https://www.sec.gov/Archives/edgar/data/1342502/000106299323000748/form4.xml,BUCHAN MELISSA JANE (CIK 0001342502),,STATEMENT OF CHANGES IN BENEFICIAL OWNERSHIP OF SECURITIES,4,4,2023-01-09
1342502,0001062993-24-000169,https://www.sec.gov/Archives/edgar/data/1342502/000106299324000169/form4.xml,BUCHAN JANE (CIK 0001342502),,STATEMENT OF CHANGES IN BENEFICIAL OWNERSHIP OF SECURITIES,4,4,2024-01-03
1342502,0001062993-23-014213,https://www.sec.gov/Archives/edgar/data/1342502/000106299323014213/form4.xml,BUCHAN MELISSA JANE (CIK 0001342502),,STATEMENT OF CHANGES IN BENEFICIAL OWNERSHIP OF SECURITIES,4,4,2023-06-30
1342502,0001493152-23-028475,https://www.sec.gov/Archives/edgar/data/1342502/000149315223028475/ownership.xml,BUCHAN MELISSA JANE (CIK 0001342502),,,4,4,2023-08-14
1766095,0001961665-23-000015,https://www.sec.gov/Archives/edgar/data/1702924/000196166523000015/primary_doc.xml,"WRAP TECHNOLOGIES, INC. (WRAP) (CIK 0001702924)",WRAP,,144,144,2023-07-25
1766095,0001415889-23-006219,https://www.sec.gov/Archives/edgar/data/1766095/000141588923006219/form4-04052023_020426.xml,Sentovich Kimberly C. (CIK 0001766095),,,4,4,2023-04-05
1766095,0001415889-23-004525,https://www.sec.gov/Archives/edgar/data/1766095/000141588923004525/form4-03082023_110334.xml,Sentovich Kimberly C. (CIK 0001766095),,,4,4,2023-03-08
1617998,0001821160-23-000044,https://www.sec.gov/Archives/edgar/data/1617998/000182116023000044/wf-form4_168332263123058.xml,Messinger Gioia (CIK 0001617998),,FORM 4,4,4,2023-05-05
1617998,0001821160-23-000044,https://www.sec.gov/Archives/edgar/data/1617998/000182116023000044/guild-formofsec16poabellaf.htm,Messinger Gioia (CIK 0001617998),,EXHIBIT 24.1,4,EX-24,2023-05-05
1617998,0001821160-23-000085,https://www.sec.gov/Archives/edgar/data/1617998/000182116023000085/wk-form4_1694463475.xml,Messinger Gioia (CIK 0001617998),,FORM 4,4,4,2023-09-11
1295469,0001957799-24-000108,https://www.sec.gov/Archives/edgar/data/1111485/000195779924000108/primary_doc.xml,"RxSight, Inc. (RXST) (CIK 0001111485)",RXST,,144,144,2024-05-03
1295469,0001957799-23-000273,https://www.sec.gov/Archives/edgar/data/1111485/000195779923000273/primary_doc.xml,"RxSight, Inc. (RXST) (CIK 0001111485)",RXST,,144,144,2023-12-14
1295469,0001957799-24-000003,https://www.sec.gov/Archives/edgar/data/1111485/000195779924000003/primary_doc.xml,"RxSight, Inc. (RXST) (CIK 0001111485)",RXST,,144,144,2024-01-08
1295469,0001957799-23-000289,https://www.sec.gov/Archives/edgar/data/1111485/000195779923000289/primary_doc.xml,"RxSight, Inc. (RXST) (CIK 0001111485)",RXST,,144,144,2023-12-27
1295469,0000950170-24-003332,https://www.sec.gov/Archives/edgar/data/1295469/000095017024003332/ownership.xml,Kurtz Ronald M MD (CIK 0001295469),,4,4,4,2024-01-09
1295469,0001209191-23-008846,https://www.sec.gov/Archives/edgar/data/1295469/000120919123008846/doc4.xml,Kurtz Ronald M MD (CIK 0001295469),,FORM 4 SUBMISSION,4,4,2023-02-13
1295469,0001209191-23-017794,https://www.sec.gov/Archives/edgar/data/1295469/000120919123017794/doc4.xml,Kurtz Ronald M MD (CIK 0001295469),,FORM 4 SUBMISSION,4,4,2023-03-10
1295469,0001209191-23-060012,https://www.sec.gov/Archives/edgar/data/1295469/000120919123060012/doc4.xml,Kurtz Ronald M MD (CIK 0001295469),,FORM 4 SUBMISSION,4,4,2023-12-29
1295469,0000950170-24-027180,https://www.sec.gov/Archives/edgar/data/1295469/000095017024027180/ownership.xml,Kurtz Ronald M MD (CIK 0001295469),,4,4,4,2024-03-06
1295469,0001209191-23-059039,https://www.sec.gov/Archives/edgar/data/1295469/000120919123059039/doc4.xml,Kurtz Ronald M MD (CIK 0001295469),,FORM 4 SUBMISSION,4,4,2023-12-18
1297491,0001950047-24-003291,https://www.sec.gov/Archives/edgar/data/1111485/000195004724003291/primary_doc.xml,"RxSight, Inc. (RXST) (CIK 0001111485)",RXST,,144,144,2024-05-01
1297491,0001972362-24-000085,https://www.sec.gov/Archives/edgar/data/1111485/000197236224000085/primary_doc.xml,"RxSight, Inc. (RXST) (CIK 0001111485)",RXST,,144,144,2024-02-06
1297491,0001972362-24-000077,https://www.sec.gov/Archives/edgar/data/1111485/000197236224000077/primary_doc.xml,"RxSight, Inc. (RXST) (CIK 0001111485)",RXST,,144,144,2024-02-05
1297491,0001950047-24-001646,https://www.sec.gov/Archives/edgar/data/1111485/000195004724001646/primary_doc.xml,"RxSight, Inc. (RXST) (CIK 0001111485)",RXST,,144,144,2024-03-01
1297491,0001972362-24-000044,https://www.sec.gov/Archives/edgar/data/1111485/000197236224000044/primary_doc.xml,"RxSight, Inc. (RXST) (CIK 0001111485)",RXST,,144,144,2024-01-26
1297491,0001209191-23-059041,https://www.sec.gov/Archives/edgar/data/1297491/000120919123059041/doc4.xml,Thunen Shelley B (CIK 0001297491),,FORM 4 SUBMISSION,4,4,2023-12-18
1297491,0001950047-24-000084,https://www.sec.gov/Archives/edgar/data/1111485/000195004724000084/primary_doc.xml,"RxSight, Inc. (RXST) (CIK 0001111485)",RXST,,144,144,2024-01-02
1297491,0000950170-24-052283,https://www.sec.gov/Archives/edgar/data/1297491/000095017024052283/ownership.xml,Thunen Shelley B (CIK 0001297491),,4,4,4,2024-05-02
1297491,0002002698-23-000118,https://www.sec.gov/Archives/edgar/data/1111485/000200269823000118/primary_doc.xml,"RxSight, Inc. (RXST) (CIK 0001111485)",RXST,,144,144,2023-12-15
1297491,0000950170-24-040174,https://www.sec.gov/Archives/edgar/data/1297491/000095017024040174/ownership.xml,Thunen Shelley B (CIK 0001297491),,4,4,4,2024-04-02
1297491,0000950170-24-008423,https://www.sec.gov/Archives/edgar/data/1297491/000095017024008423/ownership.xml,Thunen Shelley B (CIK 0001297491),,4,4,4,2024-01-29
1297491,0000950170-24-000892,https://www.sec.gov/Archives/edgar/data/1297491/000095017024000892/ownership.xml,Thunen Shelley B (CIK 0001297491),,4,4,4,2024-01-03
1297491,0002002698-24-000062,https://www.sec.gov/Archives/edgar/data/1111485/000200269824000062/primary_doc.xml,"RxSight, Inc. (RXST) (CIK 0001111485)",RXST,,144,144,2024-04-01
1297491,0000950170-24-025874,https://www.sec.gov/Archives/edgar/data/1297491/000095017024025874/ownership.xml,Thunen Shelley B (CIK 0001297491),,4,4,4,2024-03-05
1297491,0000950170-24-012317,https://www.sec.gov/Archives/edgar/data/1297491/000095017024012317/ownership.xml,Thunen Shelley B (CIK 0001297491),,4,4,4,2024-02-07
1297491,0000950170-24-027183,https://www.sec.gov/Archives/edgar/data/1297491/000095017024027183/ownership.xml,Thunen Shelley B (CIK 0001297491),,4,4,4,2024-03-06
1297491,0001209191-23-017797,https://www.sec.gov/Archives/edgar/data/1297491/000120919123017797/doc4.xml,Thunen Shelley B (CIK 0001297491),,FORM 4 SUBMISSION,4,4,2023-03-10
1297491,0001104659-24-037441,https://www.sec.gov/Archives/edgar/data/1297491/000110465924037441/tm249503-7_4seq1.xml,Thunen Shelley B (CIK 0001297491),,OWNERSHIP DOCUMENT,4,4,2024-03-21
1297491,0001950047-23-006194,https://www.sec.gov/Archives/edgar/data/1111485/000195004723006194/primary_doc.xml,"RxSight, Inc. (RXST) (CIK 0001111485)",RXST,,144,144,2023-12-15
1297491,0001104659-23-092551,https://www.sec.gov/Archives/edgar/data/1297491/000110465923092551/tm2323956-4_4seq1.xml,Thunen Shelley B (CIK 0001297491),,OWNERSHIP DOCUMENT,4,4,2023-08-16
1297491,0001815776-24-000019,https://www.sec.gov/Archives/edgar/data/1297491/000181577624000019/wk-form3_1711412908.xml,Thunen Shelley B (CIK 0001297491),,FORM 3,3,3,2024-03-25
1297491,0001104659-23-083563,https://www.sec.gov/Archives/edgar/data/1297491/000110465923083563/tm2321918-6_3seq1.xml,Thunen Shelley B (CIK 0001297491),,OWNERSHIP DOCUMENT,3,3,2023-07-24
1297491,0001815776-24-000029,https://www.sec.gov/Archives/edgar/data/1297491/000181577624000029/wk-form4_1711413836.xml,Thunen Shelley B (CIK 0001297491),,FORM 4,4,4,2024-03-25
1223697,0001493152-24-005510,https://www.sec.gov/Archives/edgar/data/1223697/000149315224005510/ownership.xml,BAILEY DON M (CIK 0001223697),,,4,4,2024-02-08
1223697,0001493152-23-023344,https://www.sec.gov/Archives/edgar/data/1223697/000149315223023344/ownership.xml,BAILEY DON M (CIK 0001223697),,,4,4,2023-07-03
1824584,0001578563-24-000211,https://www.sec.gov/Archives/edgar/data/1824584/000157856324000211/wk-form4_1714767930.xml,Bradford Tonya Williams (CIK 0001824584),,FORM 4,4,4,2024-05-03
1824584,0001209191-23-026598,https://www.sec.gov/Archives/edgar/data/1824584/000120919123026598/doc4.xml,Bradford Tonya Williams (CIK 0001824584),,FORM 4 SUBMISSION,4,4,2023-05-02
1824584,0001209191-23-030759,https://www.sec.gov/Archives/edgar/data/1824584/000120919123030759/doc4.xml,Bradford Tonya Williams (CIK 0001824584),,FORM 4 SUBMISSION,4,4,2023-05-18
1704042,0001574197-24-000008,https://www.sec.gov/Archives/edgar/data/1704042/000157419724000008/wk-form4_1705542587.xml,Haddad Emile (CIK 0001704042),,FORM 4,4,4,2024-01-17
1053868,0001209191-23-038853,https://www.sec.gov/Archives/edgar/data/1053868/000120919123038853/doc4.xml,LEVRA CRAIG L (CIK 0001053868),,FORM 4 SUBMISSION,4,4,2023-06-21
1952098,0001415889-23-009143,https://www.sec.gov/Archives/edgar/data/1952098/000141588923009143/form4-06022023_080643.xml,Farid Marjan (CIK 0001952098),,,4,4,2023-06-02
1952098,0001415889-23-010292,https://www.sec.gov/Archives/edgar/data/1952098/000141588923010292/form4-06232023_080626.xml,Farid Marjan (CIK 0001952098),,,4,4,2023-06-23
1548192,0001466085-23-000084,https://www.sec.gov/Archives/edgar/data/1548192/000146608523000084/wf-form4_168392709615711.xml,del Rio Ana Marie (CIK 0001548192),,FORM 4,4,4,2023-05-12
1841115,0001213900-23-009310,https://www.sec.gov/Archives/edgar/data/1841115/000121390023009310/ownership.xml,SOOD JASPREET K (CIK 0001841115),,,4,4,2023-02-08
1841115,0001213900-23-069618,https://www.sec.gov/Archives/edgar/data/1841115/000121390023069618/ownership.xml,SOOD JASPREET K (CIK 0001841115),,,4,4,2023-08-21
1841115,0001213900-23-089939,https://www.sec.gov/Archives/edgar/data/1841115/000121390023089939/ownership.xml,SOOD JASPREET K (CIK 0001841115),,,4,4,2023-11-24
1654733,0001415889-24-006872,https://www.sec.gov/Archives/edgar/data/1654733/000141588924006872/form4-03052024_110304.xml,MCRAE MATTHEW BLAKE (CIK 0001654733),,,4,4,2024-03-05
1654733,0001415889-24-002385,https://www.sec.gov/Archives/edgar/data/1654733/000141588924002385/form4-02022024_110252.xml,MCRAE MATTHEW BLAKE (CIK 0001654733),,,4,4,2024-02-02
1654733,0001209191-23-054526,https://www.sec.gov/Archives/edgar/data/1654733/000120919123054526/doc4.xml,MCRAE MATTHEW BLAKE (CIK 0001654733),,FORM 4 SUBMISSION,4,4,2023-11-06
1654733,0001415889-24-009697,https://www.sec.gov/Archives/edgar/data/1654733/000141588924009697/form4-04022024_060403.xml,MCRAE MATTHEW BLAKE (CIK 0001654733),,,4,4,2024-04-02
1654733,0001209191-23-053883,https://www.sec.gov/Archives/edgar/data/1654733/000120919123053883/doc4.xml,MCRAE MATTHEW BLAKE (CIK 0001654733),,FORM 4 SUBMISSION,4,4,2023-10-30
1654733,0001209191-23-044764,https://www.sec.gov/Archives/edgar/data/1654733/000120919123044764/doc4.xml,MCRAE MATTHEW BLAKE (CIK 0001654733),,FORM 4 SUBMISSION,4,4,2023-08-07
1654733,0001209191-23-007379,https://www.sec.gov/Archives/edgar/data/1654733/000120919123007379/doc4.xml,MCRAE MATTHEW BLAKE (CIK 0001654733),,FORM 4 SUBMISSION,4,4,2023-02-06
1654733,0001209191-23-042579,https://www.sec.gov/Archives/edgar/data/1654733/000120919123042579/doc4.xml,MCRAE MATTHEW BLAKE (CIK 0001654733),,FORM 4 SUBMISSION,4,4,2023-07-18
1654733,0001415889-24-007136,https://www.sec.gov/Archives/edgar/data/1654733/000141588924007136/form4-03072024_010314.xml,MCRAE MATTHEW BLAKE (CIK 0001654733),,,4,4,2024-03-06
1654733,0001415889-24-011145,https://www.sec.gov/Archives/edgar/data/1654733/000141588924011145/form4-04182024_100419.xml,MCRAE MATTHEW BLAKE (CIK 0001654733),,,4,4,2024-04-18
1654733,0001415889-24-002784,https://www.sec.gov/Archives/edgar/data/1654733/000141588924002784/form4-02062024_080248.xml,MCRAE MATTHEW BLAKE (CIK 0001654733),,,4,4,2024-02-06
1654733,0001209191-23-017384,https://www.sec.gov/Archives/edgar/data/1654733/000120919123017384/doc4.xml,MCRAE MATTHEW BLAKE (CIK 0001654733),,FORM 4 SUBMISSION,4,4,2023-03-08
1654733,0001209191-23-042111,https://www.sec.gov/Archives/edgar/data/1654733/000120919123042111/doc4.xml,MCRAE MATTHEW BLAKE (CIK 0001654733),,FORM 4 SUBMISSION,4,4,2023-07-12
1654733,0001209191-23-043830,https://www.sec.gov/Archives/edgar/data/1654733/000120919123043830/doc4.xml,MCRAE MATTHEW BLAKE (CIK 0001654733),,FORM 4 SUBMISSION,4,4,2023-07-31
1654733,0001415889-24-011655,https://www.sec.gov/Archives/edgar/data/1654733/000141588924011655/form4-04292024_070410.xml,MCRAE MATTHEW BLAKE (CIK 0001654733),,,4,4,2024-04-29
1654733,0001209191-23-029937,https://www.sec.gov/Archives/edgar/data/1654733/000120919123029937/doc4.xml,MCRAE MATTHEW BLAKE (CIK 0001654733),,FORM 4 SUBMISSION,4,4,2023-05-16
1654733,0001209191-24-002395,https://www.sec.gov/Archives/edgar/data/1654733/000120919124002395/doc4.xml,MCRAE MATTHEW BLAKE (CIK 0001654733),,FORM 4 SUBMISSION,4,4,2024-01-30
1654733,0001209191-23-005812,https://www.sec.gov/Archives/edgar/data/1654733/000120919123005812/doc4.xml,MCRAE MATTHEW BLAKE (CIK 0001654733),,FORM 4 SUBMISSION,4,4,2023-01-31
1654733,0001209191-23-048019,https://www.sec.gov/Archives/edgar/data/1654733/000120919123048019/doc4.xml,MCRAE MATTHEW BLAKE (CIK 0001654733),,FORM 4 SUBMISSION,4,4,2023-09-01
1654733,0001209191-23-026606,https://www.sec.gov/Archives/edgar/data/1654733/000120919123026606/doc4.xml,MCRAE MATTHEW BLAKE (CIK 0001654733),,FORM 4 SUBMISSION,4,4,2023-05-02
1822761,0001437749-23-031989,https://www.sec.gov/Archives/edgar/data/1822761/000143774923031989/rdgdoc.xml,Margolin Richard A (CIK 0001822761),,FORM 4,4,4,2023-11-14
1215490,0001950047-24-001586,https://www.sec.gov/Archives/edgar/data/1097149/000195004724001586/primary_doc.xml,ALIGN TECHNOLOGY INC (ALGN) (CIK 0001097149),ALGN,,144,144,2024-02-29
1215490,0001950047-24-001479,https://www.sec.gov/Archives/edgar/data/1097149/000195004724001479/primary_doc.xml,ALIGN TECHNOLOGY INC (ALGN) (CIK 0001097149),ALGN,,144,144,2024-02-27
1215490,0001209191-23-031129,https://www.sec.gov/Archives/edgar/data/1215490/000120919123031129/doc4.xml,LACOB JOSEPH (CIK 0001215490),,FORM 4 SUBMISSION,4,4,2023-05-19
1215490,0001415889-24-005990,https://www.sec.gov/Archives/edgar/data/1215490/000141588924005990/form4-02292024_110241.xml,LACOB JOSEPH (CIK 0001215490),,,4,4,2024-02-29
1215490,0001209191-23-037073,https://www.sec.gov/Archives/edgar/data/1215490/000120919123037073/doc4.xml,LACOB JOSEPH (CIK 0001215490),,FORM 4 SUBMISSION,4,4,2023-06-14
1357864,0001493152-23-044059,https://www.sec.gov/Archives/edgar/data/1357864/000149315223044059/ownership.xml,Jenusaitis Matthew (CIK 0001357864),,,4,4,2023-12-07
1514063,0001013762-23-003531,https://www.sec.gov/Archives/edgar/data/1514063/000101376223003531/ownership.xml,Dutia Suren G (CIK 0001514063),,,4,4,2023-10-12
1594279,0001949846-24-000095,https://www.sec.gov/Archives/edgar/data/1413837/000194984624000095/primary_doc.xml,First Foundation Inc. (FFWM) (CIK 0001413837),FFWM,,144,144,2024-02-29
1594279,0001593968-23-000270,https://www.sec.gov/Archives/edgar/data/1594279/000159396823000270/primary_01.xml,KELLER ULRICH E. JR (CIK 0001594279),,PRIMARY DOCUMENT,4,4,2023-02-03
1594279,0001593968-23-001507,https://www.sec.gov/Archives/edgar/data/1594279/000159396823001507/primary_01.xml,KELLER ULRICH E. JR (CIK 0001594279),,PRIMARY DOCUMENT,4,4,2023-12-15
1594279,0001593968-23-000384,https://www.sec.gov/Archives/edgar/data/1594279/000159396823000384/primary_01.xml,KELLER ULRICH E. JR (CIK 0001594279),,PRIMARY DOCUMENT,4,4,2023-03-01
1594279,0001593968-24-000350,https://www.sec.gov/Archives/edgar/data/1594279/000159396824000350/primary_01.xml,KELLER ULRICH E. JR (CIK 0001594279),,PRIMARY DOCUMENT,4,4,2024-02-22
1594279,0001593968-24-000370,https://www.sec.gov/Archives/edgar/data/1594279/000159396824000370/primary_01.xml,KELLER ULRICH E. JR (CIK 0001594279),,PRIMARY DOCUMENT,4,4,2024-02-29
1594279,0001593968-24-000391,https://www.sec.gov/Archives/edgar/data/1594279/000159396824000391/primary_01.xml,KELLER ULRICH E. JR (CIK 0001594279),,PRIMARY DOCUMENT,4,4,2024-03-04
1594279,0001593968-23-000128,https://www.sec.gov/Archives/edgar/data/1594279/000159396823000128/primary_01.xml,KELLER ULRICH E. JR (CIK 0001594279),,PRIMARY DOCUMENT,4,4,2023-01-12
1594279,0001593968-23-001483,https://www.sec.gov/Archives/edgar/data/1594279/000159396823001483/primary_01.xml,KELLER ULRICH E. JR (CIK 0001594279),,PRIMARY DOCUMENT,4,4,2023-12-05
1594279,0001593968-23-000354,https://www.sec.gov/Archives/edgar/data/1594279/000159396823000354/primary_01.xml,KELLER ULRICH E. JR (CIK 0001594279),,PRIMARY DOCUMENT,4,4,2023-02-24
1594279,0001949846-23-000513,https://www.sec.gov/Archives/edgar/data/1413837/000194984623000513/primary_doc.xml,First Foundation Inc. (FFWM) (CIK 0001413837),FFWM,,144,144,2023-12-15
1857927,0001213900-23-018968,https://www.sec.gov/Archives/edgar/data/1857927/000121390023018968/ownership.xml,Gupta Pramod (CIK 0001857927),,,4,4,2023-03-09
1857927,0001213900-23-072252,https://www.sec.gov/Archives/edgar/data/1857927/000121390023072252/ownership.xml,Gupta Pramod (CIK 0001857927),,,4,4,2023-08-30
1857927,0001213900-23-056864,https://www.sec.gov/Archives/edgar/data/1857927/000121390023056864/ownership.xml,Gupta Pramod (CIK 0001857927),,,4,4,2023-07-13
1857927,0001213900-24-033829,https://www.sec.gov/Archives/edgar/data/1857927/000121390024033829/ownership.xml,Gupta Pramod (CIK 0001857927),,,4,4,2024-04-17
1669220,0001209191-23-032650,https://www.sec.gov/Archives/edgar/data/1669220/000120919123032650/doc4.xml,Aynechi Tiba (CIK 0001669220),,FORM 4 SUBMISSION,4,4,2023-05-26
1145910,0001209191-23-039416,https://www.sec.gov/Archives/edgar/data/1145910/000120919123039416/doc4.xml,YERXA BENJAMIN R (CIK 0001145910),,FORM 4 SUBMISSION,4,4,2023-06-23
1861258,0001834494-24-000029,https://www.sec.gov/Archives/edgar/data/1861258/000183449424000029/wk-form4_1707513634.xml,Nguyen Timothy (CIK 0001861258),,FORM 4,4,4,2024-02-09
1861258,0001834494-24-000029,https://www.sec.gov/Archives/edgar/data/1861258/000183449424000029/exhibit24-nguyenpoa22024.htm,Nguyen Timothy (CIK 0001861258),,EX-24,4,EX-24,2024-02-09
1891104,0001628280-23-039909,https://www.sec.gov/Archives/edgar/data/1891104/000162828023039909/wk-form4_1700703432.xml,Podnos Yale (CIK 0001891104),,FORM 4,4,4,2023-11-22
1891104,0001628280-23-008837,https://www.sec.gov/Archives/edgar/data/1891104/000162828023008837/wf-form4_167944702947968.xml,Podnos Yale (CIK 0001891104),,FORM 4,4,4,2023-03-21
1891104,0001628280-23-039321,https://www.sec.gov/Archives/edgar/data/1891104/000162828023039321/wk-form4_1700170789.xml,Podnos Yale (CIK 0001891104),,FORM 4,4,4,2023-11-16
1839516,0001959173-23-005086,https://www.sec.gov/Archives/edgar/data/1819790/000195917323005086/primary_doc.xml,"Tarsus Pharmaceuticals, Inc. (TARS) (CIK 0001819790)",TARS,,144,144,2023-11-30
1839516,0001959173-23-000261,https://www.sec.gov/Archives/edgar/data/1819790/000195917323000261/primary_doc.xml,"Tarsus Pharmaceuticals, Inc. (TARS) (CIK 0001819790)",TARS,,144,144,2023-03-16
1839516,0001959173-24-002441,https://www.sec.gov/Archives/edgar/data/1819790/000195917324002441/primary_doc.xml,"Tarsus Pharmaceuticals, Inc. (TARS) (CIK 0001819790)",TARS,,144,144,2024-03-18
1839516,0001819790-24-000033,https://www.sec.gov/Archives/edgar/data/1839516/000181979024000033/wk-form4_1710191517.xml,Whitfield Dianne C. (CIK 0001839516),,FORM 4,4,4,2024-03-11
1839516,0001839516-23-000002,https://www.sec.gov/Archives/edgar/data/1839516/000183951623000002/wf-form4_167944061665243.xml,Whitfield Dianne C. (CIK 0001839516),,FORM 4,4,4,2023-03-21
1839516,0001839516-23-000004,https://www.sec.gov/Archives/edgar/data/1839516/000183951623000004/wf-form4_167961530701522.xml,Whitfield Dianne C. (CIK 0001839516),,FORM 4,4,4,2023-03-23
1839516,0001209191-23-018005,https://www.sec.gov/Archives/edgar/data/1839516/000120919123018005/doc4.xml,Whitfield Dianne C. (CIK 0001839516),,FORM 4 SUBMISSION,4,4,2023-03-10
1839516,0001839516-23-000006,https://www.sec.gov/Archives/edgar/data/1839516/000183951623000006/wk-form4_1701467883.xml,Whitfield Dianne C. (CIK 0001839516),,FORM 4,4,4,2023-12-01
1839516,0001209191-23-019883,https://www.sec.gov/Archives/edgar/data/1839516/000120919123019883/doc4.xml,Whitfield Dianne C. (CIK 0001839516),,FORM 4 SUBMISSION,4,4,2023-03-17
1839516,0001819790-24-000044,https://www.sec.gov/Archives/edgar/data/1839516/000181979024000044/wk-form4_1710889444.xml,Whitfield Dianne C. (CIK 0001839516),,FORM 4,4,4,2024-03-19
1206869,0001959173-24-001179,https://www.sec.gov/Archives/edgar/data/906709/000195917324001179/primary_doc.xml,NEKTAR THERAPEUTICS (NKTR) (CIK 0000906709),NKTR,,144,144,2024-02-20
1206869,0001959173-23-004858,https://www.sec.gov/Archives/edgar/data/906709/000195917323004858/primary_doc.xml,NEKTAR THERAPEUTICS (NKTR) (CIK 0000906709),NKTR,,144,144,2023-11-17
1206869,0001209191-23-058859,https://www.sec.gov/Archives/edgar/data/1206869/000120919123058859/doc4.xml,ROBIN HOWARD W (CIK 0001206869),,FORM 4 SUBMISSION,4,4,2023-12-15
1206869,0001209191-23-010952,https://www.sec.gov/Archives/edgar/data/1206869/000120919123010952/doc4.xml,ROBIN HOWARD W (CIK 0001206869),,FORM 4 SUBMISSION,4,4,2023-02-17
1206869,0000950170-24-019043,https://www.sec.gov/Archives/edgar/data/1206869/000095017024019043/ownership.xml,ROBIN HOWARD W (CIK 0001206869),,4,4,4,2024-02-22
1206869,0001209191-23-046460,https://www.sec.gov/Archives/edgar/data/1206869/000120919123046460/doc4.xml,ROBIN HOWARD W (CIK 0001206869),,FORM 4 SUBMISSION,4,4,2023-08-17
1206869,0001209191-23-030446,https://www.sec.gov/Archives/edgar/data/1206869/000120919123030446/doc4.xml,ROBIN HOWARD W (CIK 0001206869),,FORM 4 SUBMISSION,4,4,2023-05-17
1206869,0001209191-23-056182,https://www.sec.gov/Archives/edgar/data/1206869/000120919123056182/doc4.xml,ROBIN HOWARD W (CIK 0001206869),,FORM 4 SUBMISSION,4,4,2023-11-20
1784355,0001250853-23-000061,https://www.sec.gov/Archives/edgar/data/1784355/000125085323000061/primary_doc.xml,Aslam Farha (CIK 0001784355),,PRIMARY DOCUMENT,4,4,2023-11-02
1784355,0001673985-23-000087,https://www.sec.gov/Archives/edgar/data/1784355/000167398523000087/wf-form4_168729520562350.xml,Aslam Farha (CIK 0001784355),,FORM 4,4,4,2023-06-20
1784355,0001309402-23-000082,https://www.sec.gov/Archives/edgar/data/1784355/000130940223000082/wf-form4_168366382231500.xml,Aslam Farha (CIK 0001784355),,FORM 4,4,4,2023-05-09
1784355,0001309402-23-000107,https://www.sec.gov/Archives/edgar/data/1784355/000130940223000107/wf-form4_168418228508914.xml,Aslam Farha (CIK 0001784355),,FORM 4,4,4,2023-05-15
1784355,0000802481-23-000049,https://www.sec.gov/Archives/edgar/data/1784355/000080248123000049/wf-form4_168271863082060.xml,Aslam Farha (CIK 0001784355),,FORM 4,4,4,2023-04-28
1602459,0001209191-23-024500,https://www.sec.gov/Archives/edgar/data/1602459/000120919123024500/doc4.xml,Szekeres David Leslie (CIK 0001602459),,FORM 4 SUBMISSION,4,4,2023-04-17
1602459,0001209191-23-004304,https://www.sec.gov/Archives/edgar/data/1602459/000120919123004304/doc4.xml,Szekeres David Leslie (CIK 0001602459),,FORM 4 SUBMISSION,4,4,2023-01-20
1602459,0001209191-23-042480,https://www.sec.gov/Archives/edgar/data/1602459/000120919123042480/doc4.xml,Szekeres David Leslie (CIK 0001602459),,FORM 4 SUBMISSION,4,4,2023-07-17
1602459,0001209191-23-003564,https://www.sec.gov/Archives/edgar/data/1602459/000120919123003564/doc4.xml,Szekeres David Leslie (CIK 0001602459),,FORM 4 SUBMISSION,4,4,2023-01-17
1602459,0001824293-23-000156,https://www.sec.gov/Archives/edgar/data/1602459/000182429323000156/wk-form4_1692043784.xml,Szekeres David Leslie (CIK 0001602459),,FORM 4,4,4,2023-08-14
1602459,0001824293-23-000098,https://www.sec.gov/Archives/edgar/data/1602459/000182429323000098/wf-form3_168237521860433.xml,Szekeres David Leslie (CIK 0001602459),,FORM 3,3,3,2023-04-24
1263805,0001959173-23-001780,https://www.sec.gov/Archives/edgar/data/1830214/000195917323001780/primary_doc.xml,"Ginkgo Bioworks Holdings, Inc. (DNA, DNA-WT) (CIK 0001830214)",DNA,,144,144,2023-06-12
1263805,0001959173-23-002189,https://www.sec.gov/Archives/edgar/data/1830214/000195917323002189/primary_doc.xml,"Ginkgo Bioworks Holdings, Inc. (DNA, DNA-WT) (CIK 0001830214)",DNA,,144,144,2023-07-03
1263805,0001959173-23-002786,https://www.sec.gov/Archives/edgar/data/1830214/000195917323002786/primary_doc.xml,"Ginkgo Bioworks Holdings, Inc. (DNA, DNA-WT) (CIK 0001830214)",DNA,,144,144,2023-08-02
1263805,0001950047-24-001785,https://www.sec.gov/Archives/edgar/data/1299130/000195004724001785/primary_doc.xml,"PACIFIC BIOSCIENCES OF CALIFORNIA, INC. (PACB) (CIK 0001299130)",PACB,,144,144,2024-03-04
1263805,0001959173-23-000441,https://www.sec.gov/Archives/edgar/data/1830214/000195917323000441/primary_doc.xml,"Ginkgo Bioworks Holdings, Inc. (DNA, DNA-WT) (CIK 0001830214)",DNA,,144,144,2023-04-03
1263805,0001959173-23-004479,https://www.sec.gov/Archives/edgar/data/1830214/000195917323004479/primary_doc.xml,"Ginkgo Bioworks Holdings, Inc. (DNA, DNA-WT) (CIK 0001830214)",DNA,,144,144,2023-11-02
1263805,0001959173-23-004141,https://www.sec.gov/Archives/edgar/data/1830214/000195917323004141/primary_doc.xml,"Ginkgo Bioworks Holdings, Inc. (DNA, DNA-WT) (CIK 0001830214)",DNA,,144,144,2023-10-02
1263805,0001959173-23-001475,https://www.sec.gov/Archives/edgar/data/1830214/000195917323001475/primary_doc.xml,"Ginkgo Bioworks Holdings, Inc. (DNA, DNA-WT) (CIK 0001830214)",DNA,,144,144,2023-06-02
1263805,0001959173-23-000773,https://www.sec.gov/Archives/edgar/data/1830214/000195917323000773/primary_doc.xml,"Ginkgo Bioworks Holdings, Inc. (DNA, DNA-WT) (CIK 0001830214)",DNA,,144,144,2023-05-02
1263805,0001959173-23-003711,https://www.sec.gov/Archives/edgar/data/1830214/000195917323003711/primary_doc.xml,"Ginkgo Bioworks Holdings, Inc. (DNA, DNA-WT) (CIK 0001830214)",DNA,,144,144,2023-09-05
1263805,0001950047-24-001112,https://www.sec.gov/Archives/edgar/data/1299130/000195004724001112/primary_doc.xml,"PACIFIC BIOSCIENCES OF CALIFORNIA, INC. (PACB) (CIK 0001299130)",PACB,,144,144,2024-02-20
1263805,0001950047-23-004160,https://www.sec.gov/Archives/edgar/data/1299130/000195004723004160/primary_doc.xml,"PACIFIC BIOSCIENCES OF CALIFORNIA, INC. (PACB) (CIK 0001299130)",PACB,,144,144,2023-09-18
1263805,0001950047-24-001090,https://www.sec.gov/Archives/edgar/data/1299130/000195004724001090/primary_doc.xml,"PACIFIC BIOSCIENCES OF CALIFORNIA, INC. (PACB) (CIK 0001299130)",PACB,,144,144,2024-02-16
1263805,0000899243-23-017911,https://www.sec.gov/Archives/edgar/data/1263805/000089924323017911/doc4.xml,HENRY CHRISTIAN O (CIK 0001263805),,FORM 4 SUBMISSION,4,4,2023-08-09
1263805,0001950047-23-006061,https://www.sec.gov/Archives/edgar/data/1299130/000195004723006061/primary_doc.xml,"PACIFIC BIOSCIENCES OF CALIFORNIA, INC. (PACB) (CIK 0001299130)",PACB,,144,144,2023-12-14
1263805,0001127602-23-026865,https://www.sec.gov/Archives/edgar/data/1263805/000112760223026865/form4.xml,HENRY CHRISTIAN O (CIK 0001263805),,PRIMARY DOCUMENT,4,4,2023-11-06
1263805,0001127602-23-020425,https://www.sec.gov/Archives/edgar/data/1263805/000112760223020425/form4.xml,HENRY CHRISTIAN O (CIK 0001263805),,PRIMARY DOCUMENT,4,4,2023-07-06
1263805,0001127602-23-022032,https://www.sec.gov/Archives/edgar/data/1263805/000112760223022032/form4.xml,HENRY CHRISTIAN O (CIK 0001263805),,PRIMARY DOCUMENT,4,4,2023-08-04
1263805,0001127602-23-012627,https://www.sec.gov/Archives/edgar/data/1263805/000112760223012627/form4.xml,HENRY CHRISTIAN O (CIK 0001263805),,PRIMARY DOCUMENT,4,4,2023-04-05
1263805,0001127602-23-010472,https://www.sec.gov/Archives/edgar/data/1263805/000112760223010472/form4.xml,HENRY CHRISTIAN O (CIK 0001263805),,PRIMARY DOCUMENT,4,4,2023-03-16
1263805,0001127602-23-018722,https://www.sec.gov/Archives/edgar/data/1263805/000112760223018722/form4.xml,HENRY CHRISTIAN O (CIK 0001263805),,PRIMARY DOCUMENT,4,4,2023-06-14
1263805,0001127602-23-014603,https://www.sec.gov/Archives/edgar/data/1263805/000112760223014603/form4.xml,HENRY CHRISTIAN O (CIK 0001263805),,PRIMARY DOCUMENT,4,4,2023-05-04
1263805,0001127602-23-001102,https://www.sec.gov/Archives/edgar/data/1263805/000112760223001102/form4.xml,HENRY CHRISTIAN O (CIK 0001263805),,PRIMARY DOCUMENT,4,4,2023-01-06
1263805,0001127602-23-023814,https://www.sec.gov/Archives/edgar/data/1263805/000112760223023814/form4.xml,HENRY CHRISTIAN O (CIK 0001263805),,PRIMARY DOCUMENT,4,4,2023-09-06
1263805,0001127602-23-003394,https://www.sec.gov/Archives/edgar/data/1263805/000112760223003394/form4.xml,HENRY CHRISTIAN O (CIK 0001263805),,PRIMARY DOCUMENT,4,4,2023-02-03
1263805,0001127602-23-018067,https://www.sec.gov/Archives/edgar/data/1263805/000112760223018067/form4.xml,HENRY CHRISTIAN O (CIK 0001263805),,PRIMARY DOCUMENT,4,4,2023-06-06
1263805,0001127602-23-025520,https://www.sec.gov/Archives/edgar/data/1263805/000112760223025520/form4.xml,HENRY CHRISTIAN O (CIK 0001263805),,PRIMARY DOCUMENT,4,4,2023-10-04
1263805,0001127602-23-025684,https://www.sec.gov/Archives/edgar/data/1263805/000112760223025684/form4a.xml,HENRY CHRISTIAN O (CIK 0001263805),,PRIMARY DOCUMENT,4/A,4/A,2023-10-06
1263805,0001127602-23-019170,https://www.sec.gov/Archives/edgar/data/1263805/000112760223019170/form4.xml,HENRY CHRISTIAN O (CIK 0001263805),,PRIMARY DOCUMENT,4,4,2023-06-21
1263805,0001299130-23-000145,https://www.sec.gov/Archives/edgar/data/1263805/000129913023000145/wk-form4_1702676106.xml,HENRY CHRISTIAN O (CIK 0001263805),,FORM 4,4,4,2023-12-15
1263805,0001299130-24-000046,https://www.sec.gov/Archives/edgar/data/1263805/000129913024000046/wk-form4_1708984765.xml,HENRY CHRISTIAN O (CIK 0001263805),,FORM 4,4,4,2024-02-26
1263805,0001299130-23-000111,https://www.sec.gov/Archives/edgar/data/1263805/000129913023000111/wf-form4_169239144206224.xml,HENRY CHRISTIAN O (CIK 0001263805),,FORM 4,4,4,2023-08-18
1263805,0001299130-23-000024,https://www.sec.gov/Archives/edgar/data/1263805/000129913023000024/certent-form4.xml,HENRY CHRISTIAN O (CIK 0001263805),,PRIMARY DOCUMENT,4,4,2023-02-22
1263805,0001299130-24-000068,https://www.sec.gov/Archives/edgar/data/1263805/000129913024000068/wk-form4_1709763127.xml,HENRY CHRISTIAN O (CIK 0001263805),,FORM 4,4,4,2024-03-06
1263805,0001299130-23-000113,https://www.sec.gov/Archives/edgar/data/1263805/000129913023000113/wf-form4_169455131313168.xml,HENRY CHRISTIAN O (CIK 0001263805),,FORM 4,4,4,2023-09-12
1263805,0001299130-23-000115,https://www.sec.gov/Archives/edgar/data/1263805/000129913023000115/wf-form4_169515550150177.xml,HENRY CHRISTIAN O (CIK 0001263805),,FORM 4,4,4,2023-09-19
1263805,0001299130-23-000042,https://www.sec.gov/Archives/edgar/data/1263805/000129913023000042/certent-form4.xml,HENRY CHRISTIAN O (CIK 0001263805),,PRIMARY DOCUMENT,4,4,2023-03-06
1263805,0001299130-24-000023,https://www.sec.gov/Archives/edgar/data/1263805/000129913024000023/wk-form4_1708557177.xml,HENRY CHRISTIAN O (CIK 0001263805),,FORM 4,4,4,2024-02-21
1315212,0001493152-23-027914,https://www.sec.gov/Archives/edgar/data/1315212/000149315223027914/ownership.xml,FARSAI MALEA (CIK 0001315212),,,5,5,2023-08-11
1873091,0001415889-24-007435,https://www.sec.gov/Archives/edgar/data/1873091/000141588924007435/form4-03082024_110324.xml,Barnett Valerie (CIK 0001873091),,,4,4,2024-03-08
1873091,0001209191-23-016975,https://www.sec.gov/Archives/edgar/data/1873091/000120919123016975/doc4.xml,Barnett Valerie (CIK 0001873091),,FORM 4 SUBMISSION,4,4,2023-03-07
1873091,0001209191-23-012355,https://www.sec.gov/Archives/edgar/data/1873091/000120919123012355/doc4.xml,Barnett Valerie (CIK 0001873091),,FORM 4 SUBMISSION,4,4,2023-02-23
1873091,0001415889-24-007861,https://www.sec.gov/Archives/edgar/data/1873091/000141588924007861/form4-03132024_100333.xml,Barnett Valerie (CIK 0001873091),,,4,4,2024-03-13
1873091,0001415889-24-004892,https://www.sec.gov/Archives/edgar/data/1873091/000141588924004892/form4-02222024_100233.xml,Barnett Valerie (CIK 0001873091),,,4,4,2024-02-22
1873091,0001209191-23-056347,https://www.sec.gov/Archives/edgar/data/1873091/000120919123056347/doc4.xml,Barnett Valerie (CIK 0001873091),,FORM 4 SUBMISSION,4,4,2023-11-21
1873091,0001209191-23-031266,https://www.sec.gov/Archives/edgar/data/1873091/000120919123031266/doc4.xml,Barnett Valerie (CIK 0001873091),,FORM 4 SUBMISSION,4,4,2023-05-19
1873091,0001209191-23-046828,https://www.sec.gov/Archives/edgar/data/1873091/000120919123046828/doc4.xml,Barnett Valerie (CIK 0001873091),,FORM 4 SUBMISSION,4,4,2023-08-21
1204551,0001958244-23-002821,https://www.sec.gov/Archives/edgar/data/1099800/000195824423002821/primary_doc.xml,Edwards Lifesciences Corp (EW) (CIK 0001099800),EW,,144,144,2023-12-13
1204551,0001958244-23-000831,https://www.sec.gov/Archives/edgar/data/1099800/000195824423000831/primary_doc.xml,Edwards Lifesciences Corp (EW) (CIK 0001099800),EW,,144,144,2023-06-01
1204551,0001958244-24-001060,https://www.sec.gov/Archives/edgar/data/1099800/000195824424001060/primary_doc.xml,Edwards Lifesciences Corp (EW) (CIK 0001099800),EW,,144,144,2024-03-04
1204551,0001958244-23-001747,https://www.sec.gov/Archives/edgar/data/1099800/000195824423001747/primary_doc.xml,Edwards Lifesciences Corp (EW) (CIK 0001099800),EW,,144,144,2023-09-05
1204551,0001958244-23-000461,https://www.sec.gov/Archives/edgar/data/1099800/000195824423000461/primary_doc.xml,Edwards Lifesciences Corp (EW) (CIK 0001099800),EW,,144,144,2023-04-14
1204551,0001225208-23-010019,https://www.sec.gov/Archives/edgar/data/1204551/000122520823010019/doc4.xml,MUSSALLEM MICHAEL A (CIK 0001204551),,,4,4,2023-11-06
1204551,0001225208-23-005912,https://www.sec.gov/Archives/edgar/data/1204551/000122520823005912/doc4.xml,MUSSALLEM MICHAEL A (CIK 0001204551),,,4,4,2023-05-15
1204551,0001225208-23-003876,https://www.sec.gov/Archives/edgar/data/1204551/000122520823003876/doc4.xml,MUSSALLEM MICHAEL A (CIK 0001204551),,,4,4,2023-03-14
1204551,0001225208-23-001936,https://www.sec.gov/Archives/edgar/data/1204551/000122520823001936/doc4.xml,MUSSALLEM MICHAEL A (CIK 0001204551),,,4,4,2023-02-14
1204551,0001225208-23-009136,https://www.sec.gov/Archives/edgar/data/1204551/000122520823009136/doc4.xml,MUSSALLEM MICHAEL A (CIK 0001204551),,,4,4,2023-10-02
1204551,0001225208-24-000480,https://www.sec.gov/Archives/edgar/data/1204551/000122520824000480/doc4.xml,MUSSALLEM MICHAEL A (CIK 0001204551),,,4,4,2024-01-05
1204551,0001225208-23-000630,https://www.sec.gov/Archives/edgar/data/1204551/000122520823000630/doc4.xml,MUSSALLEM MICHAEL A (CIK 0001204551),,,4,4,2023-01-13
1204551,0001225208-23-008065,https://www.sec.gov/Archives/edgar/data/1204551/000122520823008065/doc4.xml,MUSSALLEM MICHAEL A (CIK 0001204551),,,4,4,2023-08-07
1204551,0001225208-24-003505,https://www.sec.gov/Archives/edgar/data/1204551/000122520824003505/doc4.xml,MUSSALLEM MICHAEL A (CIK 0001204551),,,4,4,2024-03-04
1204551,0001225208-23-008597,https://www.sec.gov/Archives/edgar/data/1204551/000122520823008597/doc4.xml,MUSSALLEM MICHAEL A (CIK 0001204551),,,4,4,2023-08-31
1204551,0001225208-23-008709,https://www.sec.gov/Archives/edgar/data/1204551/000122520823008709/doc4.xml,MUSSALLEM MICHAEL A (CIK 0001204551),,,4,4,2023-09-05
1204551,0001225208-23-006458,https://www.sec.gov/Archives/edgar/data/1204551/000122520823006458/doc4.xml,MUSSALLEM MICHAEL A (CIK 0001204551),,,4,4,2023-06-01
1204551,0001225208-24-005500,https://www.sec.gov/Archives/edgar/data/1204551/000122520824005500/doc4.xml,MUSSALLEM MICHAEL A (CIK 0001204551),,,4,4,2024-05-02
1204551,0001225208-23-007306,https://www.sec.gov/Archives/edgar/data/1204551/000122520823007306/doc4.xml,MUSSALLEM MICHAEL A (CIK 0001204551),,,4,4,2023-07-05
1204551,0001225208-23-005754,https://www.sec.gov/Archives/edgar/data/1204551/000122520823005754/doc4.xml,MUSSALLEM MICHAEL A (CIK 0001204551),,,4,4,2023-05-11
1204551,0001225208-23-011072,https://www.sec.gov/Archives/edgar/data/1204551/000122520823011072/doc4.xml,MUSSALLEM MICHAEL A (CIK 0001204551),,,4,4,2023-12-13
1204551,0001225208-23-004844,https://www.sec.gov/Archives/edgar/data/1204551/000122520823004844/doc4.xml,MUSSALLEM MICHAEL A (CIK 0001204551),,,4,4,2023-04-17
1204551,0001225208-24-001597,https://www.sec.gov/Archives/edgar/data/1204551/000122520824001597/doc4.xml,MUSSALLEM MICHAEL A (CIK 0001204551),,,4,4,2024-02-05
1204551,0001225208-24-004959,https://www.sec.gov/Archives/edgar/data/1204551/000122520824004959/doc4.xml,MUSSALLEM MICHAEL A (CIK 0001204551),,,4,4,2024-04-04
1207793,0000950170-23-006025,https://www.sec.gov/Archives/edgar/data/1407973/000095017023006025/13ga_2022_olav.htm,"Sonendo, Inc. (SONX) (CIK 0001407973)",SONX,SC 13G/A,SC 13G/A,SC 13G/A,2023-03-03
1207793,0000950170-23-035858,https://www.sec.gov/Archives/edgar/data/1207793/000095017023035858/ownership.xml,BERGHEIM OLAV (CIK 0001207793),,4,4,4,2023-07-31
1207793,0001562180-23-005390,https://www.sec.gov/Archives/edgar/data/1207793/000156218023005390/primarydocument.xml,BERGHEIM OLAV (CIK 0001207793),,PRIMARY DOCUMENT,4,4,2023-06-20
1207793,0001562180-23-008460,https://www.sec.gov/Archives/edgar/data/1207793/000156218023008460/primarydocument.xml,BERGHEIM OLAV (CIK 0001207793),,PRIMARY DOCUMENT,4,4,2023-12-19
1207793,0001562180-23-007752,https://www.sec.gov/Archives/edgar/data/1207793/000156218023007752/primarydocument.xml,BERGHEIM OLAV (CIK 0001207793),,PRIMARY DOCUMENT,4,4,2023-11-17
1778634,0001562180-23-008328,https://www.sec.gov/Archives/edgar/data/1778634/000156218023008328/primarydocument.xml,EUSEY SHANNON F (CIK 0001778634),,PRIMARY DOCUMENT,4,4,2023-12-12
1778634,0001562180-23-004115,https://www.sec.gov/Archives/edgar/data/1778634/000156218023004115/primarydocument.xml,EUSEY SHANNON F (CIK 0001778634),,PRIMARY DOCUMENT,4,4,2023-05-12
1897581,0001494650-23-000063,https://www.sec.gov/Archives/edgar/data/1897581/000149465023000063/wk-form4_1686334182.xml,Bednarski Eric (CIK 0001897581),,FORM 4,4,4,2023-06-09
1927702,0001140361-23-012307,https://www.sec.gov/Archives/edgar/data/1927702/000114036123012307/form4.xml,SCHNEIDER PATRICK (CIK 0001927702),,,4,4,2023-03-17
1859810,0001859810-24-000002,https://www.sec.gov/Archives/edgar/data/1859810/000185981024000002/primary_doc.xml,Milligan Sandra (CIK 0001859810),,PRIMARY DOCUMENT,3,3,2024-04-04
1859810,0001209191-23-028100,https://www.sec.gov/Archives/edgar/data/1859810/000120919123028100/doc4.xml,Milligan Sandra (CIK 0001859810),,FORM 4 SUBMISSION,4,4,2023-05-08
1859810,0001209191-23-014842,https://www.sec.gov/Archives/edgar/data/1859810/000120919123014842/doc4.xml,Milligan Sandra (CIK 0001859810),,FORM 4 SUBMISSION,4,4,2023-03-02
1859810,0001209191-23-027173,https://www.sec.gov/Archives/edgar/data/1859810/000120919123027173/doc4.xml,Milligan Sandra (CIK 0001859810),,FORM 4 SUBMISSION,4,4,2023-05-03
1859810,0001209191-23-023078,https://www.sec.gov/Archives/edgar/data/1859810/000120919123023078/doc4.xml,Milligan Sandra (CIK 0001859810),,FORM 4 SUBMISSION,4,4,2023-04-04
1859810,0001728117-23-000138,https://www.sec.gov/Archives/edgar/data/1859810/000172811723000138/wk-form4_1700254868.xml,Milligan Sandra (CIK 0001859810),,FORM 4,4,4,2023-11-17
1859810,0001728117-23-000082,https://www.sec.gov/Archives/edgar/data/1859810/000172811723000082/wf-form4_168634167292261.xml,Milligan Sandra (CIK 0001859810),,FORM 4,4,4,2023-06-09
1860885,0001654954-23-000147,https://www.sec.gov/Archives/edgar/data/1860885/000165495423000147/section16.xml,Van Hoose Kyri K. (CIK 0001860885),,PRIMARY DOCUMENT,4,4,2023-01-05
1860885,0001654954-24-000291,https://www.sec.gov/Archives/edgar/data/1860885/000165495424000291/section16.xml,Van Hoose Kyri K. (CIK 0001860885),,PRIMARY DOCUMENT,4,4,2024-01-05
1758108,0001140361-23-031190,https://www.sec.gov/Archives/edgar/data/1758108/000114036123031190/form4.xml,Feigal Ellen (CIK 0001758108),,,4,4,2023-06-23
1758108,0001127602-23-019286,https://www.sec.gov/Archives/edgar/data/1758108/000112760223019286/form4.xml,Feigal Ellen (CIK 0001758108),,PRIMARY DOCUMENT,4,4,2023-06-22
1956739,0001493152-23-030699,https://www.sec.gov/Archives/edgar/data/1956739/000149315223030699/ownership.xml,Chang Brian P (CIK 0001956739),,,4,4,2023-08-30
1956739,0001493152-23-041671,https://www.sec.gov/Archives/edgar/data/1956739/000149315223041671/ownership.xml,Chang Brian P (CIK 0001956739),,,4,4,2023-11-16
1956739,0001493152-24-011305,https://www.sec.gov/Archives/edgar/data/1956739/000149315224011305/ownership.xml,Chang Brian P (CIK 0001956739),,,4,4,2024-03-26
1956739,0001493152-24-009777,https://www.sec.gov/Archives/edgar/data/1956739/000149315224009777/ownership.xml,Chang Brian P (CIK 0001956739),,,4,4,2024-03-13
1956739,0001493152-23-011784,https://www.sec.gov/Archives/edgar/data/1956739/000149315223011784/ownership.xml,Chang Brian P (CIK 0001956739),,,4,4,2023-04-10
1956739,0001493152-24-004920,https://www.sec.gov/Archives/edgar/data/1956739/000149315224004920/ownership.xml,Chang Brian P (CIK 0001956739),,,4,4,2024-02-05
1291972,0001213900-23-013276,https://www.sec.gov/Archives/edgar/data/1291972/000121390023013276/ownership.xml,Baracchini Edgardo Jr (CIK 0001291972),,,4,4,2023-02-21
1770823,0001209191-23-045231,https://www.sec.gov/Archives/edgar/data/1770823/000120919123045231/doc4.xml,McLoughlin Margaret (CIK 0001770823),,FORM 4 SUBMISSION,4,4,2023-08-09
1770823,0001209191-23-032677,https://www.sec.gov/Archives/edgar/data/1770823/000120919123032677/doc4.xml,McLoughlin Margaret (CIK 0001770823),,FORM 4 SUBMISSION,4,4,2023-05-26
1770823,0001209191-23-032677,https://www.sec.gov/Archives/edgar/data/1770823/000120919123032677/poa.txt,McLoughlin Margaret (CIK 0001770823),,POA DOCUMENT,4,EX-24,2023-05-26
1234561,0001234561-23-000001,https://www.sec.gov/Archives/edgar/data/1234561/000123456123000001/wf-form5_167302991892481.xml,WEAVER LANCE L (CIK 0001234561),,FORM 5,5,5,2023-01-06
1234561,0001234561-23-000004,https://www.sec.gov/Archives/edgar/data/1234561/000123456123000004/wk-form4_1690250218.xml,WEAVER LANCE L (CIK 0001234561),,FORM 4,4,4,2023-07-24
1234561,0001234561-23-000003,https://www.sec.gov/Archives/edgar/data/1234561/000123456123000003/wk-form4_1686874004.xml,WEAVER LANCE L (CIK 0001234561),,FORM 4,4,4,2023-06-15
1637219,0001959173-23-005156,https://www.sec.gov/Archives/edgar/data/1564824/000195917323005156/primary_doc.xml,Allakos Inc. (ALLK) (CIK 0001564824),ALLK,,144,144,2023-12-04
1637219,0001959173-23-001499,https://www.sec.gov/Archives/edgar/data/1564824/000195917323001499/primary_doc.xml,Allakos Inc. (ALLK) (CIK 0001564824),ALLK,,144,144,2023-06-02
1637219,0000950170-24-027393,https://www.sec.gov/Archives/edgar/data/1637219/000095017024027393/ownership.xml,Tomasi Adam (CIK 0001637219),,4,4,4,2024-03-06
1637219,0001209191-23-048628,https://www.sec.gov/Archives/edgar/data/1637219/000120919123048628/doc4.xml,Tomasi Adam (CIK 0001637219),,FORM 4 SUBMISSION,4,4,2023-09-07
1637219,0001209191-23-057522,https://www.sec.gov/Archives/edgar/data/1637219/000120919123057522/doc4.xml,Tomasi Adam (CIK 0001637219),,FORM 4 SUBMISSION,4,4,2023-12-05
1637219,0001209191-23-017324,https://www.sec.gov/Archives/edgar/data/1637219/000120919123017324/doc4.xml,Tomasi Adam (CIK 0001637219),,FORM 4 SUBMISSION,4,4,2023-03-08
1637219,0001959173-23-003736,https://www.sec.gov/Archives/edgar/data/1564824/000195917323003736/primary_doc.xml,Allakos Inc. (ALLK) (CIK 0001564824),ALLK,,144,144,2023-09-05
1637219,0001209191-23-002620,https://www.sec.gov/Archives/edgar/data/1637219/000120919123002620/doc4.xml,Tomasi Adam (CIK 0001637219),,FORM 4 SUBMISSION,4,4,2023-01-09
1637219,0001209191-23-034256,https://www.sec.gov/Archives/edgar/data/1637219/000120919123034256/doc4.xml,Tomasi Adam (CIK 0001637219),,FORM 4 SUBMISSION,4,4,2023-06-05
1637219,0001959173-24-001933,https://www.sec.gov/Archives/edgar/data/1564824/000195917324001933/primary_doc.xml,Allakos Inc. (ALLK) (CIK 0001564824),ALLK,,144,144,2024-03-05
1637219,0001209191-24-003676,https://www.sec.gov/Archives/edgar/data/1637219/000120919124003676/doc4.xml,Tomasi Adam (CIK 0001637219),,FORM 4 SUBMISSION,4,4,2024-02-21
1291809,0001209191-23-049609,https://www.sec.gov/Archives/edgar/data/1291809/000120919123049609/doc4.xml,Singer Robert S (CIK 0001291809),,FORM 4 SUBMISSION,4,4,2023-09-15
1291809,0001024305-23-000109,https://www.sec.gov/Archives/edgar/data/1291809/000102430523000109/wk-form4_1700257963.xml,Singer Robert S (CIK 0001291809),,FORM 4,4,4,2023-11-17
1291809,0001418135-24-000034,https://www.sec.gov/Archives/edgar/data/1291809/000141813524000034/wk-form4_1709767520.xml,Singer Robert S (CIK 0001291809),,FORM 4,4,4,2024-03-06
1291809,0001024305-24-000014,https://www.sec.gov/Archives/edgar/data/1291809/000102430524000014/wk-form4_1709768655.xml,Singer Robert S (CIK 0001291809),,FORM 4,4,4,2024-03-06
1291809,0001209191-23-031003,https://www.sec.gov/Archives/edgar/data/1291809/000120919123031003/doc4.xml,Singer Robert S (CIK 0001291809),,FORM 4 SUBMISSION,4,4,2023-05-19
1291809,0001209191-23-017557,https://www.sec.gov/Archives/edgar/data/1291809/000120919123017557/doc4.xml,Singer Robert S (CIK 0001291809),,FORM 4 SUBMISSION,4,4,2023-03-09
1291809,0001209191-23-018606,https://www.sec.gov/Archives/edgar/data/1291809/000120919123018606/doc4.xml,Singer Robert S (CIK 0001291809),,FORM 4 SUBMISSION,4,4,2023-03-14
1291809,0001209191-23-015560,https://www.sec.gov/Archives/edgar/data/1291809/000120919123015560/doc4.xml,Singer Robert S (CIK 0001291809),,FORM 4 SUBMISSION,4,4,2023-03-03
1607889,0001950047-24-002891,https://www.sec.gov/Archives/edgar/data/1690820/000195004724002891/primary_doc.xml,CARVANA CO. (CVNA) (CIK 0001690820),CVNA,,144,144,2024-04-02
1607889,0001950047-24-003332,https://www.sec.gov/Archives/edgar/data/1690820/000195004724003332/primary_doc.xml,CARVANA CO. (CVNA) (CIK 0001690820),CVNA,,144,144,2024-05-02
1607889,0001690820-23-000110,https://www.sec.gov/Archives/edgar/data/1607889/000169082023000110/wf-form4_168064709841619.xml,Taira Thomas (CIK 0001607889),,FORM 4,4,4,2023-04-04
1607889,0001690820-24-000016,https://www.sec.gov/Archives/edgar/data/1607889/000169082024000016/wk-form4_1704321563.xml,Taira Thomas (CIK 0001607889),,FORM 4,4,4,2024-01-03
1607889,0001690820-23-000338,https://www.sec.gov/Archives/edgar/data/1607889/000169082023000338/wk-form4_1699048724.xml,Taira Thomas (CIK 0001607889),,FORM 4,4,4,2023-11-03
1607889,0001690820-24-000036,https://www.sec.gov/Archives/edgar/data/1607889/000169082024000036/wk-form4_1706313408.xml,Taira Thomas (CIK 0001607889),,FORM 4,4,4,2024-01-26
1607889,0001690820-23-000084,https://www.sec.gov/Archives/edgar/data/1607889/000169082023000084/wf-form4_167788289344975.xml,Taira Thomas (CIK 0001607889),,FORM 4,4,4,2023-03-03
1607889,0001690820-23-000307,https://www.sec.gov/Archives/edgar/data/1607889/000169082023000307/wk-form4_1696373282.xml,Taira Thomas (CIK 0001607889),,FORM 4,4,4,2023-10-03
1607889,0001690820-23-000190,https://www.sec.gov/Archives/edgar/data/1607889/000169082023000190/wf-form4_168574216294670.xml,Taira Thomas (CIK 0001607889),,FORM 4,4,4,2023-06-02
1607889,0001690820-23-000358,https://www.sec.gov/Archives/edgar/data/1607889/000169082023000358/wk-form4_1701730920.xml,Taira Thomas (CIK 0001607889),,FORM 4,4,4,2023-12-04
1607889,0001690820-23-000205,https://www.sec.gov/Archives/edgar/data/1607889/000169082023000205/wk-form4_1688594739.xml,Taira Thomas (CIK 0001607889),,FORM 4,4,4,2023-07-05
1607889,0001690820-23-000014,https://www.sec.gov/Archives/edgar/data/1607889/000169082023000014/wf-form4_167288192193331.xml,Taira Thomas (CIK 0001607889),,FORM 4,4,4,2023-01-04
1607889,0001690820-24-000121,https://www.sec.gov/Archives/edgar/data/1607889/000169082024000121/wk-form4_1709679061.xml,Taira Thomas (CIK 0001607889),,FORM 4,4,4,2024-03-05
1607889,0001690820-23-000150,https://www.sec.gov/Archives/edgar/data/1607889/000169082023000150/wf-form4_168314578086275.xml,Taira Thomas (CIK 0001607889),,FORM 4,4,4,2023-05-03
1607889,0001690820-23-000280,https://www.sec.gov/Archives/edgar/data/1607889/000169082023000280/wk-form4_1693953202.xml,Taira Thomas (CIK 0001607889),,FORM 4,4,4,2023-09-05
1607889,0001690820-24-000058,https://www.sec.gov/Archives/edgar/data/1607889/000169082024000058/wk-form4_1707175002.xml,Taira Thomas (CIK 0001607889),,FORM 4,4,4,2024-02-05
1607889,0001690820-24-000076,https://www.sec.gov/Archives/edgar/data/1607889/000169082024000076/wk-form4_1708039746.xml,Taira Thomas (CIK 0001607889),,FORM 4,4,4,2024-02-15
1607889,0001690820-24-000158,https://www.sec.gov/Archives/edgar/data/1607889/000169082024000158/wk-form4_1712185272.xml,Taira Thomas (CIK 0001607889),,FORM 4,4,4,2024-04-03
1607889,0001690820-23-000031,https://www.sec.gov/Archives/edgar/data/1607889/000169082023000031/ex-24.htm,Taira Thomas (CIK 0001607889),,TOM TAIRA POA,4,EX-24,2023-02-02
1607889,0001690820-23-000084,https://www.sec.gov/Archives/edgar/data/1607889/000169082023000084/ex-24.htm,Taira Thomas (CIK 0001607889),,TOM TAIRA POA,4,EX-24,2023-03-03
1607889,0001690820-23-000062,https://www.sec.gov/Archives/edgar/data/1607889/000169082023000062/ex-24.htm,Taira Thomas (CIK 0001607889),,TOM TAIRA POA,4,EX-24,2023-02-24
1607889,0001690820-24-000194,https://www.sec.gov/Archives/edgar/data/1607889/000169082024000194/wk-form4_1714783058.xml,Taira Thomas (CIK 0001607889),,FORM 4,4,4,2024-05-03
1607889,0001690820-23-000190,https://www.sec.gov/Archives/edgar/data/1607889/000169082023000190/ex-24.htm,Taira Thomas (CIK 0001607889),,TOM TAIRA POA,4,EX-24,2023-06-02
1607889,0001690820-23-000247,https://www.sec.gov/Archives/edgar/data/1607889/000169082023000247/wk-form4_1691101749.xml,Taira Thomas (CIK 0001607889),,FORM 4,4,4,2023-08-03
1607889,0001690820-23-000150,https://www.sec.gov/Archives/edgar/data/1607889/000169082023000150/ex-24.htm,Taira Thomas (CIK 0001607889),,TOM TAIRA POA,4,EX-24,2023-05-03
1607889,0001690820-23-000221,https://www.sec.gov/Archives/edgar/data/1607889/000169082023000221/wk-form4_1689973932.xml,Taira Thomas (CIK 0001607889),,FORM 4,4,4,2023-07-21
1607889,0001690820-23-000031,https://www.sec.gov/Archives/edgar/data/1607889/000169082023000031/wf-form4_167537822809172.xml,Taira Thomas (CIK 0001607889),,FORM 4,4,4,2023-02-02
1607889,0001690820-23-000062,https://www.sec.gov/Archives/edgar/data/1607889/000169082023000062/wf-form4_167728599351653.xml,Taira Thomas (CIK 0001607889),,FORM 4,4,4,2023-02-24
1607889,0001690820-23-000110,https://www.sec.gov/Archives/edgar/data/1607889/000169082023000110/ex-24.htm,Taira Thomas (CIK 0001607889),,TOM TAIRA POA,4,EX-24,2023-04-04
1607889,0001690820-23-000014,https://www.sec.gov/Archives/edgar/data/1607889/000169082023000014/ex-24.htm,Taira Thomas (CIK 0001607889),,TOM TAIRA POA,4,EX-24,2023-01-04
1829111,0001816590-24-000048,https://www.sec.gov/Archives/edgar/data/1829111/000181659024000048/wk-form4_1709676354.xml,Loxam Teri (CIK 0001829111),,FORM 4,4,4,2024-03-05
1829111,0001816590-24-000047,https://www.sec.gov/Archives/edgar/data/1829111/000181659024000047/wk-form3_1709676301.xml,Loxam Teri (CIK 0001829111),,FORM 3,3,3,2024-03-05
1829111,0001209191-23-037505,https://www.sec.gov/Archives/edgar/data/1829111/000120919123037505/doc4.xml,Loxam Teri (CIK 0001829111),,FORM 4 SUBMISSION,4,4,2023-06-15
1829111,0001816590-24-000048,https://www.sec.gov/Archives/edgar/data/1829111/000181659024000048/section16filingpowerofat.htm,Loxam Teri (CIK 0001829111),,EX-24.TERI LOXAM,4,EX-24.TERI LOXAM,2024-03-05
1263523,0001921094-24-000218,https://www.sec.gov/Archives/edgar/data/937098/000192109424000218/primary_doc.xml,"TRINET GROUP, INC. (TNET) (CIK 0000937098)",TNET,,144,144,2024-02-21
1263523,0000937098-23-000133,https://www.sec.gov/Archives/edgar/data/1263523/000093709823000133/wk-form4_1685739717.xml,LOWELL WAYNE B (CIK 0001263523),,FORM 4,4,4,2023-06-02
1263523,0000937098-23-000082,https://www.sec.gov/Archives/edgar/data/1263523/000093709823000082/wf-form4_167995249350138.xml,LOWELL WAYNE B (CIK 0001263523),,FORM 4,4,4,2023-03-27
1263523,0000937098-24-000044,https://www.sec.gov/Archives/edgar/data/1263523/000093709824000044/wk-form4_1708724029.xml,LOWELL WAYNE B (CIK 0001263523),,FORM 4,4,4,2024-02-23
1849739,0001326110-23-000090,https://www.sec.gov/Archives/edgar/data/1849739/000132611023000090/wk-form4_1686868200.xml,Selecky Christobel (CIK 0001849739),,FORM 4,4,4,2023-06-15
1614929,0001562180-23-003877,https://www.sec.gov/Archives/edgar/data/1614929/000156218023003877/primarydocument.xml,Nichols Victor K (CIK 0001614929),,PRIMARY DOCUMENT,4,4,2023-05-03
1614929,0001562180-24-003628,https://www.sec.gov/Archives/edgar/data/1614929/000156218024003628/primarydocument.xml,Nichols Victor K (CIK 0001614929),,PRIMARY DOCUMENT,4,4,2024-04-30
1614929,0001562180-23-003851,https://www.sec.gov/Archives/edgar/data/1614929/000156218023003851/primarydocument.xml,Nichols Victor K (CIK 0001614929),,PRIMARY DOCUMENT,4,4,2023-05-02
1614929,0001562180-23-007092,https://www.sec.gov/Archives/edgar/data/1614929/000156218023007092/primarydocument.xml,Nichols Victor K (CIK 0001614929),,PRIMARY DOCUMENT,4,4,2023-10-02
1614929,0001562180-23-000041,https://www.sec.gov/Archives/edgar/data/1614929/000156218023000041/primarydocument.xml,Nichols Victor K (CIK 0001614929),,PRIMARY DOCUMENT,4,4,2023-01-03
1614929,0001562180-23-005648,https://www.sec.gov/Archives/edgar/data/1614929/000156218023005648/primarydocument.xml,Nichols Victor K (CIK 0001614929),,PRIMARY DOCUMENT,4,4,2023-07-03
1614929,0001562180-24-000042,https://www.sec.gov/Archives/edgar/data/1614929/000156218024000042/primarydocument.xml,Nichols Victor K (CIK 0001614929),,PRIMARY DOCUMENT,4,4,2024-01-02
1614929,0001562180-23-003374,https://www.sec.gov/Archives/edgar/data/1614929/000156218023003374/primarydocument.xml,Nichols Victor K (CIK 0001614929),,PRIMARY DOCUMENT,4,4,2023-04-04
1614929,0001562180-23-000041,https://www.sec.gov/Archives/edgar/data/1614929/000156218023000041/vnicholspoa.txt,Nichols Victor K (CIK 0001614929),,POWER OF ATTORNEY,4,EX-24,2023-01-03
1614929,0001562180-23-003374,https://www.sec.gov/Archives/edgar/data/1614929/000156218023003374/vnicholspoa.txt,Nichols Victor K (CIK 0001614929),,POWER OF ATTORNEY,4,EX-24,2023-04-04
2013453,0002013458-24-000002,https://www.sec.gov/Archives/edgar/data/2013453/000201345824000002/wk-form3_1709853473.xml,Pitta Michael J (CIK 0002013453),,FORM 3,3,3,2024-03-07
1345767,0001415889-23-010130,https://www.sec.gov/Archives/edgar/data/1345767/000141588923010130/form4-06222023_120620.xml,Rydin Jeffrey P (CIK 0001345767),,,4,4,2023-06-21
1202212,0001127602-23-030341,https://www.sec.gov/Archives/edgar/data/1202212/000112760223030341/form4.xml,STOWELL SCOTT D (CIK 0001202212),,PRIMARY DOCUMENT,4,4,2023-12-22
1185981,0001437749-23-001505,https://www.sec.gov/Archives/edgar/data/1185981/000143774923001505/rdgdoc.xml,LIN CHUANG I (CIK 0001185981),,CHRIS LIN GRANTED AND VESTED RSU,4,4,2023-01-20
1185981,0001437749-24-001769,https://www.sec.gov/Archives/edgar/data/1185981/000143774924001769/rdgdoc.xml,LIN CHUANG I (CIK 0001185981),,CHUANG I LIN VESTED RSU,4,4,2024-01-19
1402350,0001713683-23-000013,https://www.sec.gov/Archives/edgar/data/1402350/000171368323000013/wf-form4_167400564575489.xml,Schneider David (CIK 0001402350),,FORM 4,4,4,2023-01-17
1402350,0001713683-24-000010,https://www.sec.gov/Archives/edgar/data/1402350/000171368324000010/wk-form4_1704497344.xml,Schneider David (CIK 0001402350),,FORM 4,4,4,2024-01-05
1970635,0000752714-23-000045,https://www.sec.gov/Archives/edgar/data/1970635/000075271423000045/primary_doc.xml,Malek Gilda (CIK 0001970635),,PRIMARY DOCUMENT,3,3,2023-03-30
1970635,0000752714-24-000004,https://www.sec.gov/Archives/edgar/data/1970635/000075271424000004/primary_doc.xml,Malek Gilda (CIK 0001970635),,PRIMARY DOCUMENT,4,4,2024-02-27
1970635,0000752714-23-000046,https://www.sec.gov/Archives/edgar/data/1970635/000075271423000046/primary_doc.xml,Malek Gilda (CIK 0001970635),,PRIMARY DOCUMENT,4,4,2023-04-04
1970635,0000752714-24-000024,https://www.sec.gov/Archives/edgar/data/1970635/000075271424000024/primary_doc.xml,Malek Gilda (CIK 0001970635),,PRIMARY DOCUMENT,4,4,2024-04-03
1970635,0000752714-23-000045,https://www.sec.gov/Archives/edgar/data/1970635/000075271423000045/mgrcgildamalekpoa.txt,Malek Gilda (CIK 0001970635),,POWER OF ATTORNEY,3,EX-24,2023-03-30
1469228,0001964306-24-000125,https://www.sec.gov/Archives/edgar/data/1464423/000196430624000125/primary_doc.xml,"PennyMac Mortgage Investment Trust (PMT, PMTU, PMT-PA, PMT-PB, PMT-PC) (CIK 0001464423)",PMT,,144,144,2024-03-01
1469228,0001127602-23-009686,https://www.sec.gov/Archives/edgar/data/1469228/000112760223009686/form4.xml,Carnahan Scott W. (CIK 0001469228),,PRIMARY DOCUMENT,4,4,2023-03-09
1469228,0001964306-24-000088,https://www.sec.gov/Archives/edgar/data/1464423/000196430624000088/primary_doc.xml,"PennyMac Mortgage Investment Trust (PMT, PMTU, PMT-PA, PMT-PB, PMT-PC) (CIK 0001464423)",PMT,,144,144,2024-02-21
1469228,0001127602-23-019572,https://www.sec.gov/Archives/edgar/data/1469228/000112760223019572/form4.xml,Carnahan Scott W. (CIK 0001469228),,PRIMARY DOCUMENT,4,4,2023-06-29
1469228,0001973141-23-000345,https://www.sec.gov/Archives/edgar/data/1464423/000197314123000345/primary_doc.xml,"PennyMac Mortgage Investment Trust (PMT, PMTU, PMT-PA, PMT-PB, PMT-PC) (CIK 0001464423)",PMT,,144,144,2023-12-14
1469228,0001127602-23-029882,https://www.sec.gov/Archives/edgar/data/1469228/000112760223029882/form4.xml,Carnahan Scott W. (CIK 0001469228),,PRIMARY DOCUMENT,4,4,2023-12-18
1469228,0001964306-23-000110,https://www.sec.gov/Archives/edgar/data/1464423/000196430623000110/primary_doc.xml,"PennyMac Mortgage Investment Trust (PMT, PMT-PC) (CIK 0001464423)",PMT,,144,144,2023-06-27
1469228,0001127602-23-006596,https://www.sec.gov/Archives/edgar/data/1469228/000112760223006596/form4.xml,Carnahan Scott W. (CIK 0001469228),,PRIMARY DOCUMENT,4,4,2023-02-22
1469228,0001127602-24-008606,https://www.sec.gov/Archives/edgar/data/1469228/000112760224008606/form4.xml,Carnahan Scott W. (CIK 0001469228),,PRIMARY DOCUMENT,4,4,2024-03-05
1469228,0001127602-24-010161,https://www.sec.gov/Archives/edgar/data/1469228/000112760224010161/form4.xml,Carnahan Scott W. (CIK 0001469228),,PRIMARY DOCUMENT,4,4,2024-03-14
1469228,0001127602-24-006407,https://www.sec.gov/Archives/edgar/data/1469228/000112760224006407/form4.xml,Carnahan Scott W. (CIK 0001469228),,PRIMARY DOCUMENT,4,4,2024-02-22
1469228,0001127602-23-008514,https://www.sec.gov/Archives/edgar/data/1469228/000112760223008514/form4.xml,Carnahan Scott W. (CIK 0001469228),,PRIMARY DOCUMENT,4,4,2023-03-02
1277307,0001209191-23-001901,https://www.sec.gov/Archives/edgar/data/1277307/000120919123001901/doc4.xml,ROBERSON DAVID EARLE (CIK 0001277307),,FORM 4 SUBMISSION,4,4,2023-01-05
1277307,0001209191-24-000755,https://www.sec.gov/Archives/edgar/data/1277307/000120919124000755/doc4.xml,ROBERSON DAVID EARLE (CIK 0001277307),,FORM 4 SUBMISSION,4,4,2024-01-04
1999787,0001999787-23-000001,https://www.sec.gov/Archives/edgar/data/1999787/000199978723000001/boyd.txt,Boyd Bradley L (CIK 0001999787),,BOYD POWER OF ATTORNEY,3,EX-24,2023-11-03
1999787,0001999787-23-000001,https://www.sec.gov/Archives/edgar/data/1999787/000199978723000001/primary_doc.xml,Boyd Bradley L (CIK 0001999787),,PRIMARY DOCUMENT,3,3,2023-11-03
1999787,0001999787-23-000002,https://www.sec.gov/Archives/edgar/data/1999787/000199978723000002/primary_doc.xml,Boyd Bradley L (CIK 0001999787),,PRIMARY DOCUMENT,4,4,2023-11-03
1940063,0001950047-23-004810,https://www.sec.gov/Archives/edgar/data/1418135/000195004723004810/primary_doc.xml,Keurig Dr Pepper Inc. (KDP) (CIK 0001418135),KDP,,144,144,2023-11-08
1940063,0001950047-23-000542,https://www.sec.gov/Archives/edgar/data/1418135/000195004723000542/primary_doc.xml,Keurig Dr Pepper Inc. (KDP) (CIK 0001418135),KDP,,144,144,2023-05-11
1940063,0001950047-23-004102,https://www.sec.gov/Archives/edgar/data/1418135/000195004723004102/primary_doc.xml,Keurig Dr Pepper Inc. (KDP) (CIK 0001418135),KDP,,144,144,2023-09-15
1940063,0001418135-23-000027,https://www.sec.gov/Archives/edgar/data/1940063/000141813523000027/wk-form4_1699570425.xml,Archambault Matthew Andrew (CIK 0001940063),,FORM 4,4,4,2023-11-09
1940063,0001209191-23-015569,https://www.sec.gov/Archives/edgar/data/1940063/000120919123015569/doc4.xml,Archambault Matthew Andrew (CIK 0001940063),,FORM 4 SUBMISSION,4,4,2023-03-03
1940063,0001418135-23-000033,https://www.sec.gov/Archives/edgar/data/1940063/000141813523000033/wk-form4_1700688919.xml,Archambault Matthew Andrew (CIK 0001940063),,FORM 4,4,4,2023-11-22
1940063,0001209191-23-017554,https://www.sec.gov/Archives/edgar/data/1940063/000120919123017554/doc4.xml,Archambault Matthew Andrew (CIK 0001940063),,FORM 4 SUBMISSION,4,4,2023-03-09
1940063,0001209191-23-016902,https://www.sec.gov/Archives/edgar/data/1940063/000120919123016902/doc4.xml,Archambault Matthew Andrew (CIK 0001940063),,FORM 4 SUBMISSION,4,4,2023-03-07
1940063,0001209191-23-021424,https://www.sec.gov/Archives/edgar/data/1940063/000120919123021424/doc4.xml,Archambault Matthew Andrew (CIK 0001940063),,FORM 4 SUBMISSION,4,4,2023-03-28
1940063,0001209191-23-019005,https://www.sec.gov/Archives/edgar/data/1940063/000120919123019005/doc4.xml,Archambault Matthew Andrew (CIK 0001940063),,FORM 4 SUBMISSION,4,4,2023-03-15
1940063,0001209191-23-049640,https://www.sec.gov/Archives/edgar/data/1940063/000120919123049640/doc4.xml,Archambault Matthew Andrew (CIK 0001940063),,FORM 4 SUBMISSION,4,4,2023-09-15
1940063,0001418135-24-000043,https://www.sec.gov/Archives/edgar/data/1940063/000141813524000043/wk-form4_1710452084.xml,Archambault Matthew Andrew (CIK 0001940063),,FORM 4,4,4,2024-03-14
1940063,0001209191-23-029113,https://www.sec.gov/Archives/edgar/data/1940063/000120919123029113/doc4.xml,Archambault Matthew Andrew (CIK 0001940063),,FORM 4 SUBMISSION,4,4,2023-05-12
1940063,0001418135-24-000011,https://www.sec.gov/Archives/edgar/data/1940063/000141813524000011/wk-form4_1709683424.xml,Archambault Matthew Andrew (CIK 0001940063),,FORM 4,4,4,2024-03-05
1848760,0001209191-23-032338,https://www.sec.gov/Archives/edgar/data/1848760/000120919123032338/doc4.xml,Wilkins Joseph D Jr. (CIK 0001848760),,FORM 4 SUBMISSION,4,4,2023-05-25
1848760,0001209191-23-035430,https://www.sec.gov/Archives/edgar/data/1848760/000120919123035430/doc4.xml,Wilkins Joseph D Jr. (CIK 0001848760),,FORM 4 SUBMISSION,4,4,2023-06-08
1632295,0001209191-24-000463,https://www.sec.gov/Archives/edgar/data/1632295/000120919124000463/doc4.xml,Sandoval Elisabeth (CIK 0001632295),,FORM 4 SUBMISSION,4,4,2024-01-03
1632295,0001209191-23-058813,https://www.sec.gov/Archives/edgar/data/1632295/000120919123058813/doc4.xml,Sandoval Elisabeth (CIK 0001632295),,FORM 4 SUBMISSION,4,4,2023-12-15
1632295,0000899243-23-014886,https://www.sec.gov/Archives/edgar/data/1632295/000089924323014886/doc4.xml,Sandoval Elisabeth (CIK 0001632295),,FORM 4 SUBMISSION,4,4,2023-06-08
1632295,0001628280-23-022495,https://www.sec.gov/Archives/edgar/data/1632295/000162828023022495/wk-form4_1686948472.xml,Sandoval Elisabeth (CIK 0001632295),,FORM 4,4,4,2023-06-16
1824720,0001824720-23-000002,https://www.sec.gov/Archives/edgar/data/1824720/000182472023000002/wk-form4_1685744417.xml,Kumar Rashmi (CIK 0001824720),,FORM 4,4,4,2023-06-02
1824720,0001824720-23-000002,https://www.sec.gov/Archives/edgar/data/1824720/000182472023000002/kumarpoaform20220627.htm,Kumar Rashmi (CIK 0001824720),,EX-24,4,EX-24,2023-06-02
1793200,0001628280-24-013555,https://www.sec.gov/Archives/edgar/data/1793200/000162828024013555/wk-form4_1711642726.xml,Lee Sung (CIK 0001793200),,FORM 4,4,4,2024-03-28
1793200,0001628280-24-006983,https://www.sec.gov/Archives/edgar/data/1793200/000162828024006983/wk-form4_1708993922.xml,Lee Sung (CIK 0001793200),,FORM 4,4,4,2024-02-26
1793200,0001209191-23-021546,https://www.sec.gov/Archives/edgar/data/1793200/000120919123021546/poa.txt,Lee Sung (CIK 0001793200),,POA DOCUMENT,3,EX-24,2023-03-29
1793200,0001127602-24-013664,https://www.sec.gov/Archives/edgar/data/1793200/000112760224013664/form3.xml,Lee Sung (CIK 0001793200),,PRIMARY DOCUMENT,3,3,2024-04-30
1793200,0001209191-23-021546,https://www.sec.gov/Archives/edgar/data/1793200/000120919123021546/doc3.xml,Lee Sung (CIK 0001793200),,FORM 3 SUBMISSION,3,3,2023-03-29
1793200,0001209191-23-021548,https://www.sec.gov/Archives/edgar/data/1793200/000120919123021548/doc4.xml,Lee Sung (CIK 0001793200),,FORM 4 SUBMISSION,4,4,2023-03-29
1627197,0001209191-23-001532,https://www.sec.gov/Archives/edgar/data/1627197/000120919123001532/doc4.xml,Al Khayyal Abdulaziz Fahd (CIK 0001627197),,FORM 4 SUBMISSION,4,4,2023-01-05
1627197,0001209191-23-023154,https://www.sec.gov/Archives/edgar/data/1627197/000120919123023154/doc4.xml,Al Khayyal Abdulaziz Fahd (CIK 0001627197),,FORM 4 SUBMISSION,4,4,2023-04-05
1627197,0000950170-24-001611,https://www.sec.gov/Archives/edgar/data/1627197/000095017024001611/ownership.xml,Al Khayyal Abdulaziz Fahd (CIK 0001627197),,4,4,4,2024-01-04
1627197,0001209191-23-051792,https://www.sec.gov/Archives/edgar/data/1627197/000120919123051792/doc4.xml,Al Khayyal Abdulaziz Fahd (CIK 0001627197),,FORM 4 SUBMISSION,4,4,2023-10-04
1627197,0001209191-23-040791,https://www.sec.gov/Archives/edgar/data/1627197/000120919123040791/doc4.xml,Al Khayyal Abdulaziz Fahd (CIK 0001627197),,FORM 4 SUBMISSION,4,4,2023-07-05
1627197,0000950170-24-040661,https://www.sec.gov/Archives/edgar/data/1627197/000095017024040661/ownership.xml,Al Khayyal Abdulaziz Fahd (CIK 0001627197),,4,4,4,2024-04-03
1627197,0001062993-23-022160,https://www.sec.gov/Archives/edgar/data/1627197/000106299323022160/form4.xml,Al Khayyal Abdulaziz Fahd (CIK 0001627197),,STATEMENT OF CHANGES IN BENEFICIAL OWNERSHIP OF SECURITIES,4,4,2023-12-08
1627197,0001062993-23-000167,https://www.sec.gov/Archives/edgar/data/1627197/000106299323000167/form4.xml,Al Khayyal Abdulaziz Fahd (CIK 0001627197),,STATEMENT OF CHANGES IN BENEFICIAL OWNERSHIP OF SECURITIES,4,4,2023-01-04
1627197,0001062993-23-014420,https://www.sec.gov/Archives/edgar/data/1627197/000106299323014420/form4.xml,Al Khayyal Abdulaziz Fahd (CIK 0001627197),,STATEMENT OF CHANGES IN BENEFICIAL OWNERSHIP OF SECURITIES,4,4,2023-07-05
1627197,0001062993-23-008627,https://www.sec.gov/Archives/edgar/data/1627197/000106299323008627/form4.xml,Al Khayyal Abdulaziz Fahd (CIK 0001627197),,STATEMENT OF CHANGES IN BENEFICIAL OWNERSHIP OF SECURITIES,4,4,2023-04-04
1398362,0001127602-24-000701,https://www.sec.gov/Archives/edgar/data/1398362/000112760224000701/form4.xml,LEYDEN TIMOTHY M (CIK 0001398362),,PRIMARY DOCUMENT,4,4,2024-01-04
1398362,0001127602-23-000610,https://www.sec.gov/Archives/edgar/data/1398362/000112760223000610/doc1.txt,LEYDEN TIMOTHY M (CIK 0001398362),,POWER OF ATTORNEY (PUBLIC): POA,4,EX-24,2023-01-04
1398362,0001127602-23-020248,https://www.sec.gov/Archives/edgar/data/1398362/000112760223020248/form4.xml,LEYDEN TIMOTHY M (CIK 0001398362),,PRIMARY DOCUMENT,4,4,2023-07-05
1398362,0001127602-24-011866,https://www.sec.gov/Archives/edgar/data/1398362/000112760224011866/form4.xml,LEYDEN TIMOTHY M (CIK 0001398362),,PRIMARY DOCUMENT,4,4,2024-04-02
1398362,0001127602-23-025455,https://www.sec.gov/Archives/edgar/data/1398362/000112760223025455/form4.xml,LEYDEN TIMOTHY M (CIK 0001398362),,PRIMARY DOCUMENT,4,4,2023-10-04
1398362,0001127602-23-000610,https://www.sec.gov/Archives/edgar/data/1398362/000112760223000610/form4.xml,LEYDEN TIMOTHY M (CIK 0001398362),,PRIMARY DOCUMENT,4,4,2023-01-04
1398362,0001127602-23-012498,https://www.sec.gov/Archives/edgar/data/1398362/000112760223012498/form4.xml,LEYDEN TIMOTHY M (CIK 0001398362),,PRIMARY DOCUMENT,4,4,2023-04-05
1161920,0001127602-23-028038,https://www.sec.gov/Archives/edgar/data/1161920/000112760223028038/form4.xml,TAYLOR RONALD R (CIK 0001161920),,PRIMARY DOCUMENT,4,4,2023-11-20
1865418,0001950047-23-001143,https://www.sec.gov/Archives/edgar/data/1841925/000195004723001143/primary_doc.xml,"indie Semiconductor, Inc. (INDI, INDIW) (CIK 0001841925)",INDI,,144,144,2023-06-01
1865418,0001628280-23-006393,https://www.sec.gov/Archives/edgar/data/1865418/000162828023006393/wf-form4_167788609936684.xml,schiller Thomas (CIK 0001865418),,FORM 4,4,4,2023-03-03
1865418,0001628280-23-042028,https://www.sec.gov/Archives/edgar/data/1865418/000162828023042028/wk-form4_1703026206.xml,schiller Thomas (CIK 0001865418),,FORM 4,4,4,2023-12-19
1865418,0001628280-23-016222,https://www.sec.gov/Archives/edgar/data/1865418/000162828023016222/wf-form4_168332726730563.xml,schiller Thomas (CIK 0001865418),,FORM 4,4,4,2023-05-05
1865418,0001950047-23-006151,https://www.sec.gov/Archives/edgar/data/1841925/000195004723006151/primary_doc.xml,"indie Semiconductor, Inc. (INDI, INDIW) (CIK 0001841925)",INDI,,144,144,2023-12-15
1865418,0001950047-24-003324,https://www.sec.gov/Archives/edgar/data/1841925/000195004724003324/primary_doc.xml,"indie Semiconductor, Inc. (INDI) (CIK 0001841925)",INDI,,144,144,2024-05-02
1865418,0001628280-23-002812,https://www.sec.gov/Archives/edgar/data/1865418/000162828023002812/wf-form4_167589859546871.xml,schiller Thomas (CIK 0001865418),,FORM 4,4,4,2023-02-08
1865418,0001628280-23-004110,https://www.sec.gov/Archives/edgar/data/1865418/000162828023004110/wf-form4_167667911383653.xml,schiller Thomas (CIK 0001865418),,FORM 4,4,4,2023-02-17
1865418,0001628280-23-011318,https://www.sec.gov/Archives/edgar/data/1865418/000162828023011318/wf-form4_168125125341127.xml,schiller Thomas (CIK 0001865418),,FORM 4,4,4,2023-04-11
1865418,0001628280-23-040807,https://www.sec.gov/Archives/edgar/data/1865418/000162828023040807/wk-form4_1701826125.xml,schiller Thomas (CIK 0001865418),,FORM 4,4,4,2023-12-05
1865418,0001628280-23-000517,https://www.sec.gov/Archives/edgar/data/1865418/000162828023000517/wf-form4_167295714493297.xml,schiller Thomas (CIK 0001865418),,FORM 4,4,4,2023-01-05
1865418,0001628280-23-027576,https://www.sec.gov/Archives/edgar/data/1865418/000162828023027576/wk-form4_1691184749.xml,schiller Thomas (CIK 0001865418),,FORM 4,4,4,2023-08-04
1865418,0001628280-23-024489,https://www.sec.gov/Archives/edgar/data/1865418/000162828023024489/wk-form4_1688679992.xml,schiller Thomas (CIK 0001865418),,FORM 4,4,4,2023-07-06
1865418,0001628280-24-000735,https://www.sec.gov/Archives/edgar/data/1865418/000162828024000735/wk-form4_1704501203.xml,schiller Thomas (CIK 0001865418),,FORM 4,4,4,2024-01-05
1865418,0001628280-23-010909,https://www.sec.gov/Archives/edgar/data/1865418/000162828023010909/wf-form4_168073564115710.xml,schiller Thomas (CIK 0001865418),,FORM 4,4,4,2023-04-05
1865418,0001628280-23-020919,https://www.sec.gov/Archives/edgar/data/1865418/000162828023020919/wf-form4_168600006143056.xml,schiller Thomas (CIK 0001865418),,FORM 4,4,4,2023-06-05
1865418,0001628280-24-009295,https://www.sec.gov/Archives/edgar/data/1865418/000162828024009295/wk-form4_1709691854.xml,schiller Thomas (CIK 0001865418),,FORM 4,4,4,2024-03-05
1900783,0001401708-23-000008,https://www.sec.gov/Archives/edgar/data/1900783/000140170823000008/wf-form4_167347636238011.xml,GERACE JOHN D. (CIK 0001900783),,FORM 4,4,4,2023-01-11
1900783,0001401708-23-000072,https://www.sec.gov/Archives/edgar/data/1900783/000140170823000072/wf-form4_167823356314583.xml,GERACE JOHN D. (CIK 0001900783),,FORM 4,4,4,2023-03-07
1612861,0001562180-23-001082,https://www.sec.gov/Archives/edgar/data/1612861/000156218023001082/alrobichaudpoa2019.txt,Robichaud Albert (CIK 0001612861),,AL ROBICHAUD POA 2019,4,EX-24,2023-02-07
1612861,0001562180-23-001082,https://www.sec.gov/Archives/edgar/data/1612861/000156218023001082/primarydocument.xml,Robichaud Albert (CIK 0001612861),,PRIMARY DOCUMENT,4,4,2023-02-07
1612861,0001562180-23-001425,https://www.sec.gov/Archives/edgar/data/1612861/000156218023001425/primarydocument.xml,Robichaud Albert (CIK 0001612861),,PRIMARY DOCUMENT,4,4,2023-02-15
1612861,0001562180-23-001425,https://www.sec.gov/Archives/edgar/data/1612861/000156218023001425/alrobichaudpoa2019.txt,Robichaud Albert (CIK 0001612861),,AL ROBICHAUD POA 2019,4,EX-24,2023-02-15
1993254,0001209191-23-049813,https://www.sec.gov/Archives/edgar/data/1993254/000120919123049813/attachment1.htm,White Nicole S (CIK 0001993254),,EX-24.1 DOCUMENT,3,EX-24.1,2023-09-18
1993254,0001209191-23-056212,https://www.sec.gov/Archives/edgar/data/1993254/000120919123056212/doc4.xml,White Nicole S (CIK 0001993254),,FORM 4 SUBMISSION,4,4,2023-11-21
1993254,0000950170-24-051271,https://www.sec.gov/Archives/edgar/data/1993254/000095017024051271/ownership.xml,White Nicole S (CIK 0001993254),,4,4,4,2024-05-01
1993254,0001209191-23-051934,https://www.sec.gov/Archives/edgar/data/1993254/000120919123051934/doc4.xml,White Nicole S (CIK 0001993254),,FORM 4 SUBMISSION,4,4,2023-10-04
1993254,0000950170-24-040162,https://www.sec.gov/Archives/edgar/data/1993254/000095017024040162/ownership.xml,White Nicole S (CIK 0001993254),,4,4,4,2024-04-02
1993254,0001209191-23-049813,https://www.sec.gov/Archives/edgar/data/1993254/000120919123049813/doc3.xml,White Nicole S (CIK 0001993254),,FORM 3 SUBMISSION,3,3,2023-09-18
1817756,0001706946-23-000072,https://www.sec.gov/Archives/edgar/data/1817756/000170694623000072/michaelcolglazier-poafor.htm,Colglazier Michael A (CIK 0001817756),,EX-24,4,EX-24,2023-07-05
1817756,0001706946-23-000078,https://www.sec.gov/Archives/edgar/data/1817756/000170694623000078/wk-form4_1689725990.xml,Colglazier Michael A (CIK 0001817756),,FORM 4,4,4,2023-07-18
1817756,0001706946-24-000080,https://www.sec.gov/Archives/edgar/data/1817756/000170694624000080/wk-form4_1712882661.xml,Colglazier Michael A (CIK 0001817756),,FORM 4,4,4,2024-04-11
1817756,0001706946-24-000022,https://www.sec.gov/Archives/edgar/data/1817756/000170694624000022/wk-form4_1707955045.xml,Colglazier Michael A (CIK 0001817756),,FORM 4,4,4,2024-02-14
1817756,0001706946-23-000118,https://www.sec.gov/Archives/edgar/data/1817756/000170694623000118/wk-form4_1697065472.xml,Colglazier Michael A (CIK 0001817756),,FORM 4,4,4,2023-10-11
1817756,0001706946-24-000063,https://www.sec.gov/Archives/edgar/data/1817756/000170694624000063/wk-form4_1710533712.xml,Colglazier Michael A (CIK 0001817756),,FORM 4,4,4,2024-03-15
1817756,0001706946-24-000069,https://www.sec.gov/Archives/edgar/data/1817756/000170694624000069/wk-form4_1711407501.xml,Colglazier Michael A (CIK 0001817756),,FORM 4,4,4,2024-03-25
1817756,0001706946-23-000087,https://www.sec.gov/Archives/edgar/data/1817756/000170694623000087/wk-form4_1690845193.xml,Colglazier Michael A (CIK 0001817756),,FORM 4,4,4,2023-07-31
1817756,0000899243-23-011604,https://www.sec.gov/Archives/edgar/data/1817756/000089924323011604/doc4a.xml,Colglazier Michael A (CIK 0001817756),,FORM 4/A SUBMISSION,4/A,4/A,2023-04-24
1817756,0000950170-23-019902,https://www.sec.gov/Archives/edgar/data/1817756/000095017023019902/ownership.xml,Colglazier Michael A (CIK 0001817756),,4,4,4,2023-05-09
1817756,0001706946-23-000139,https://www.sec.gov/Archives/edgar/data/1817756/000170694623000139/wk-form4_1699492803.xml,Colglazier Michael A (CIK 0001817756),,FORM 4,4,4,2023-11-08
1817756,0000899243-23-002999,https://www.sec.gov/Archives/edgar/data/1817756/000089924323002999/doc4.xml,Colglazier Michael A (CIK 0001817756),,FORM 4 SUBMISSION,4,4,2023-01-30
1817756,0001706946-24-000002,https://www.sec.gov/Archives/edgar/data/1817756/000170694624000002/wk-form4_1704413300.xml,Colglazier Michael A (CIK 0001817756),,FORM 4,4,4,2024-01-04
1817756,0000899243-23-009760,https://www.sec.gov/Archives/edgar/data/1817756/000089924323009760/doc4.xml,Colglazier Michael A (CIK 0001817756),,FORM 4 SUBMISSION,4,4,2023-03-27
1817756,0000899243-23-009228,https://www.sec.gov/Archives/edgar/data/1817756/000089924323009228/doc4.xml,Colglazier Michael A (CIK 0001817756),,FORM 4 SUBMISSION,4,4,2023-03-20
1817756,0001706946-24-000012,https://www.sec.gov/Archives/edgar/data/1817756/000170694624000012/wk-form4_1705615110.xml,Colglazier Michael A (CIK 0001817756),,FORM 4,4,4,2024-01-18
1817756,0000899243-23-011610,https://www.sec.gov/Archives/edgar/data/1817756/000089924323011610/doc4a.xml,Colglazier Michael A (CIK 0001817756),,FORM 4/A SUBMISSION,4/A,4/A,2023-04-24
1817756,0000899243-23-002287,https://www.sec.gov/Archives/edgar/data/1817756/000089924323002287/doc4.xml,Colglazier Michael A (CIK 0001817756),,FORM 4 SUBMISSION,4,4,2023-01-20
1817756,0001706946-23-000072,https://www.sec.gov/Archives/edgar/data/1817756/000170694623000072/wk-form4_1688604339.xml,Colglazier Michael A (CIK 0001817756),,FORM 4,4,4,2023-07-05
1817756,0000950170-23-012478,https://www.sec.gov/Archives/edgar/data/1817756/000095017023012478/ownership.xml,Colglazier Michael A (CIK 0001817756),,4,4,4,2023-04-11
1902368,0001209191-23-002325,https://www.sec.gov/Archives/edgar/data/1902368/000120919123002325/doc4.xml,Inrig Jula (CIK 0001902368),,FORM 4 SUBMISSION,4,4,2023-01-06
1902368,0001209191-24-001005,https://www.sec.gov/Archives/edgar/data/1902368/000120919124001005/doc4.xml,Inrig Jula (CIK 0001902368),,FORM 4 SUBMISSION,4,4,2024-01-05
1902368,0001415889-24-002281,https://www.sec.gov/Archives/edgar/data/1902368/000141588924002281/form4-02022024_040208.xml,Inrig Jula (CIK 0001902368),,,4,4,2024-02-02
1902368,0001209191-23-006420,https://www.sec.gov/Archives/edgar/data/1902368/000120919123006420/doc4.xml,Inrig Jula (CIK 0001902368),,FORM 4 SUBMISSION,4,4,2023-02-02
1557533,0001959173-24-003149,https://www.sec.gov/Archives/edgar/data/1048477/000195917324003149/primary_doc.xml,BIOMARIN PHARMACEUTICAL INC (BMRN) (CIK 0001048477),BMRN,,144,144,2024-05-02
1557533,0001959173-24-001881,https://www.sec.gov/Archives/edgar/data/1048477/000195917324001881/primary_doc.xml,BIOMARIN PHARMACEUTICAL INC (BMRN) (CIK 0001048477),BMRN,,144,144,2024-03-05
1557533,0001959173-23-003278,https://www.sec.gov/Archives/edgar/data/1048477/000195917323003278/primary_doc.xml,BIOMARIN PHARMACEUTICAL INC (BMRN) (CIK 0001048477),BMRN,,144,144,2023-08-16
1557533,0001567619-23-001396,https://www.sec.gov/Archives/edgar/data/1557533/000156761923001396/doc1.xml,Ajer Jeffrey Robert (CIK 0001557533),,FORM 4,4,4,2023-01-27
1557533,0001048477-23-000039,https://www.sec.gov/Archives/edgar/data/1557533/000104847723000039/wk-form4_1692302235.xml,Ajer Jeffrey Robert (CIK 0001557533),,FORM 4,4,4,2023-08-17
1557533,0001048477-24-000030,https://www.sec.gov/Archives/edgar/data/1557533/000104847724000030/wk-form4_1709850751.xml,Ajer Jeffrey Robert (CIK 0001557533),,FORM 4,4,4,2024-03-07
1557533,0001209191-23-050220,https://www.sec.gov/Archives/edgar/data/1557533/000120919123050220/doc4.xml,Ajer Jeffrey Robert (CIK 0001557533),,FORM 4 SUBMISSION,4,4,2023-09-20
1557533,0001567619-23-005283,https://www.sec.gov/Archives/edgar/data/1557533/000156761923005283/doc1.xml,Ajer Jeffrey Robert (CIK 0001557533),,FORM 4,4,4,2023-03-17
1557533,0001048477-24-000036,https://www.sec.gov/Archives/edgar/data/1557533/000104847724000036/wk-form4_1710894971.xml,Ajer Jeffrey Robert (CIK 0001557533),,FORM 4,4,4,2024-03-19
1557533,0001048477-24-000022,https://www.sec.gov/Archives/edgar/data/1557533/000104847724000022/wk-form4_1709244737.xml,Ajer Jeffrey Robert (CIK 0001557533),,FORM 4,4,4,2024-02-29
1557533,0001209191-23-014609,https://www.sec.gov/Archives/edgar/data/1557533/000120919123014609/doc4.xml,Ajer Jeffrey Robert (CIK 0001557533),,FORM 4 SUBMISSION,4,4,2023-03-02
1877701,0001127602-23-021415,https://www.sec.gov/Archives/edgar/data/1877701/000112760223021415/form4.xml,Hashad Yehia (CIK 0001877701),,PRIMARY DOCUMENT,4,4,2023-07-27
1877701,0001127602-24-008228,https://www.sec.gov/Archives/edgar/data/1877701/000112760224008228/form4.xml,Hashad Yehia (CIK 0001877701),,PRIMARY DOCUMENT,4,4,2024-03-04
1877701,0001127602-24-007904,https://www.sec.gov/Archives/edgar/data/1877701/000112760224007904/form4.xml,Hashad Yehia (CIK 0001877701),,PRIMARY DOCUMENT,4,4,2024-03-01
1877701,0001127602-23-008781,https://www.sec.gov/Archives/edgar/data/1877701/000112760223008781/form4.xml,Hashad Yehia (CIK 0001877701),,PRIMARY DOCUMENT,4,4,2023-03-03
1777331,0001127602-23-019546,https://www.sec.gov/Archives/edgar/data/1777331/000112760223019546/form4.xml,Mantas Jesus B (CIK 0001777331),,PRIMARY DOCUMENT,4,4,2023-06-28
1721702,0001968582-23-000152,https://www.sec.gov/Archives/edgar/data/1167419/000196858223000152/primary_doc.xml,"Riot Platforms, Inc. (RIOT) (CIK 0001167419)",RIOT,,144,144,2023-05-25
1721702,0001968582-23-000183,https://www.sec.gov/Archives/edgar/data/1167419/000196858223000183/primary_doc.xml,"Riot Platforms, Inc. (RIOT) (CIK 0001167419)",RIOT,,144,144,2023-06-01
1721702,0001415889-23-011059,https://www.sec.gov/Archives/edgar/data/1721702/000141588923011059/form4-07122023_100709.xml,Les Jason (CIK 0001721702),,,4,4,2023-07-12
1721702,0001415889-23-008928,https://www.sec.gov/Archives/edgar/data/1721702/000141588923008928/form4-05302023_100500.xml,Les Jason (CIK 0001721702),,,4,4,2023-05-30
1721702,0001415889-24-000786,https://www.sec.gov/Archives/edgar/data/1721702/000141588924000786/form5-01052024_110148.xml,Les Jason (CIK 0001721702),,,5,5,2024-01-05
1721702,0001079973-23-000089,https://www.sec.gov/Archives/edgar/data/1721702/000107997323000089/ownership.xml,Les Jason (CIK 0001721702),,,4,4,2023-01-13
1721702,0001415889-24-005342,https://www.sec.gov/Archives/edgar/data/1721702/000141588924005342/form4-02272024_120209.xml,Les Jason (CIK 0001721702),,,4,4,2024-02-26
1721702,0001415889-23-011199,https://www.sec.gov/Archives/edgar/data/1721702/000141588923011199/form4-07172023_110704.xml,Les Jason (CIK 0001721702),,,4,4,2023-07-17
1721702,0001415889-23-009303,https://www.sec.gov/Archives/edgar/data/1721702/000141588923009303/form4-06062023_010609.xml,Les Jason (CIK 0001721702),,,4,4,2023-06-05
1721702,0001415889-24-000797,https://www.sec.gov/Archives/edgar/data/1721702/000141588924000797/form4-01052024_080101.xml,Les Jason (CIK 0001721702),,,4,4,2024-01-05
1938942,0001127602-23-014372,https://www.sec.gov/Archives/edgar/data/1938942/000112760223014372/form4.xml,Drake Michael V (CIK 0001938942),,PRIMARY DOCUMENT,4,4,2023-05-03
1938942,0001127602-23-016632,https://www.sec.gov/Archives/edgar/data/1938942/000112760223016632/form4.xml,Drake Michael V (CIK 0001938942),,PRIMARY DOCUMENT,4,4,2023-05-23
1938942,0001127602-23-022309,https://www.sec.gov/Archives/edgar/data/1938942/000112760223022309/form4.xml,Drake Michael V (CIK 0001938942),,PRIMARY DOCUMENT,4,4,2023-08-10
1938942,0001127602-23-026972,https://www.sec.gov/Archives/edgar/data/1938942/000112760223026972/form4.xml,Drake Michael V (CIK 0001938942),,PRIMARY DOCUMENT,4,4,2023-11-07
